gene	symbol	pvalue	effectsize	signif
4137	MAPT	5.07703055074313e-60	2.88488765270795	TRUE
3192	HNRNPU	6.52457019181309e-22	-0.928477974406051	TRUE
7314	UBB	3.46731384272225e-20	2.05136999532886	TRUE
4858	NOVA2	1.6696540781247e-15	-0.750489756847911	TRUE
5707	PSMD1	1.76288947292508e-11	-0.484343736974406	TRUE
10155	TRIM28	2.95372494663783e-10	-0.759677972658441	TRUE
3188	HNRNPH2	1.14769612104368e-09	-0.842845602538967	TRUE
1996	ELAVL4	1.66092826347099e-09	-0.657055382547339	TRUE
7184	HSP90B1	7.95187881792788e-09	-0.424374481438292	TRUE
3191	HNRNPL	4.14864748115716e-08	-0.857075558623887	TRUE
6205	RPS11	2.14942894918482e-07	-0.682319892672698	TRUE
10953	TOMM34	2.20351065332096e-06	0.793640672824793	TRUE
6208	RPS14	3.04329569661173e-06	-0.867671410156492	TRUE
1191	CLU	3.63467897749376e-06	0.820329750247885	TRUE
3315	HSPB1	3.63467897749376e-06	1.06377431561319	TRUE
6175	RPLP0	3.63852304007614e-06	-0.547741366872049	TRUE
23420	NOMO1	4.88881463168911e-06	-0.53469695652601	TRUE
51520	LARS1	4.88881463168911e-06	-0.399094692769709	TRUE
3189	HNRNPH3	6.35021333006006e-06	-0.606485741163175	TRUE
7431	VIM	8.67297141095885e-06	0.832735362226949	TRUE
6217	RPS16	8.85506401407782e-06	-0.56171360541613	TRUE
26999	CYFIP2	3.02132107904832e-05	-0.582179864980471	TRUE
5717	PSMD11	3.46552017240815e-05	-0.293742628331212	TRUE
60412	EXOC4	3.48075852621635e-05	-0.733851309453154	TRUE
8682	PEA15	5.61920803456843e-05	0.837770295704548	TRUE
23435	TARDBP	5.61920803456843e-05	-0.70362203117559	TRUE
1660	DHX9	5.61920803456843e-05	-0.696590109840741	TRUE
3184	HNRNPD	8.57547013903451e-05	-0.637477276626394	TRUE
4670	HNRNPM	9.07465638160821e-05	-0.760660374766542	TRUE
645	BLVRB	0.000109244367810115	0.628647968065058	TRUE
9349	RPL23	0.000109244367810115	-0.776275205801203	TRUE
816	CAMK2B	0.000115166188308627	-0.652482147587329	TRUE
5813	PURA	0.000121825329156315	-0.581070644980882	TRUE
10130	PDIA6	0.000121825329156315	-0.472964853185055	TRUE
6191	RPS4X	0.000132007012626303	-0.500114589648611	TRUE
488	ATP2A2	0.000182237749714678	-0.548614228200321	TRUE
5591	PRKDC	0.000185774458846045	-0.325795785339383	TRUE
4627	MYH9	0.000185774458846045	-0.34631117085876	TRUE
80309	SPHKAP	0.000187476272858628	-0.566092252341911	TRUE
6187	RPS2	0.000223220707311325	-0.590377792214357	TRUE
254778	VXN	0.000271769723786185	2.38308903033894	TRUE
6272	SORT1	0.000274256411953021	-0.426896403644339	TRUE
10787	NCKAP1	0.000282706638697594	-0.538497112159026	TRUE
57863	CADM3	0.000282988227407129	0.744110557998344	TRUE
6188	RPS3	0.000282988227407129	-0.531300222037077	TRUE
10147	SUGP2	0.000374035697631791	-0.56429903881344	TRUE
2891	GRIA2	0.000374035697631791	-0.495523790250446	TRUE
8878	SQSTM1	0.000374035697631791	1.33417366302451	TRUE
6185	RPN2	0.000476398327299506	-0.348042233054798	TRUE
1452	CSNK1A1	0.000525908598669238	0.721226261312306	TRUE
2193	FARSA	0.000532348839686605	-0.308698984076827	TRUE
4684	NCAM1	0.000532348839686605	0.518092190694555	TRUE
2670	GFAP	0.000591722017247471	1.57152804263111	TRUE
5064	PALM	0.000681905211765826	0.824971087380509	TRUE
1654	DDX3X	0.000708536259003911	-0.393070901035407	TRUE
3837	KPNB1	0.000746760098348244	-0.349229030425519	TRUE
7531	YWHAE	0.000863714096765996	0.384091626181952	TRUE
50804	MYEF2	0.000917777278355673	-0.431039728169639	TRUE
51065	RPS27L	0.000918429657874697	-0.724312941261609	TRUE
1453	CSNK1D	0.000991151709359098	0.4921009198352	TRUE
283209	PGM2L1	0.00102337021603275	-0.400912306452384	TRUE
1650	DDOST	0.00104463454565746	-0.497231329197335	TRUE
5223	PGAM1	0.00126953660687801	0.909654440694717	TRUE
2037	EPB41L2	0.00126953660687801	0.294044960021573	TRUE
396	ARHGDIA	0.00128115362047612	1.46311766182111	TRUE
10970	CKAP4	0.00132974889999486	-0.405320442626023	TRUE
57136	APMAP	0.00142679074675911	-0.376406186015054	TRUE
6742	SSBP1	0.00154004918921559	0.676974865389665	TRUE
3187	HNRNPH1	0.00161265243723387	-0.522460149943516	TRUE
1665	DHX15	0.00167851707156219	-0.409549001253256	TRUE
6138	RPL15	0.00188010596844272	-0.752809794051047	TRUE
9601	PDIA4	0.00190886353428062	-0.445048179779631	TRUE
5702	PSMC3	0.00193697144523342	-0.264220015836976	TRUE
57698	SHTN1	0.0020082795011205	0.40691155048757	TRUE
2931	GSK3A	0.0020082795011205	-0.31331531872298	TRUE
10056	FARSB	0.0020082795011205	-0.463508938215715	TRUE
6184	RPN1	0.00200925590734987	-0.34382900657632	TRUE
10236	HNRNPR	0.00215501365414554	-0.507536648529086	TRUE
2039	DMTN	0.00221221272687543	0.555900375739168	TRUE
8766	RAB11A	0.00222039964845506	0.496485869241216	TRUE
5708	PSMD2	0.00250992926854041	-0.51021299056877	TRUE
6129	RPL7	0.00266219324440336	-0.59003591603388	TRUE
5478	PPIA	0.00315418951430877	1.34374359648731	TRUE
1462	VCAN	0.00315473530420232	0.641803681117313	TRUE
720	C4A	0.0046037224078361	0.792620341944385	TRUE
10960	LMAN2	0.00489700511212569	-0.45712191022343	TRUE
6624	FSCN1	0.00493144858851277	0.54534563315847	TRUE
10049	DNAJB6	0.00517676818870386	0.471643462802649	TRUE
8618	CADPS	0.00527630884527228	-0.211689931474027	TRUE
7158	TP53BP1	0.00528465008359105	-0.504595318270317	TRUE
2023	ENO1	0.00536644788275098	0.828793642529498	TRUE
3069	HDLBP	0.00537927776848101	-0.297554746592299	TRUE
55915	LANCL2	0.0055103759472479	-0.502723714669615	TRUE
7534	YWHAZ	0.00557114688336145	0.49750204831072	TRUE
3312	HSPA8	0.00622629945590274	0.331391483907176	TRUE
7458	EIF4H	0.00725424331422404	0.439268296574086	TRUE
6132	RPL8	0.00795807379804102	-0.627656948433322	TRUE
221092	HNRNPUL2	0.00804879742528588	-0.416426238893941	TRUE
11076	TPPP	0.0082293723897376	0.46176608797585	TRUE
6158	RPL28	0.00866971396546754	-0.52935239341261	TRUE
873	CBR1	0.00884223957316887	0.636416583797167	TRUE
5479	PPIB	0.00959936742990866	0.768524681144976	TRUE
23673	STX12	0.00959936742990866	0.441557085933483	TRUE
23345	SYNE1	0.0110421330617083	-0.501774923834064	TRUE
7070	THY1	0.0116533805330476	0.780574725140522	TRUE
134111	UBE2QL1	0.0117116051899467	0.932134288104684	TRUE
51571	CYRIB	0.0124812273984937	-4.45963155527721	TRUE
2026	ENO2	0.0131796608168335	0.699998595063448	TRUE
4133	MAP2	0.0135600890145687	0.441152108603559	TRUE
8867	SYNJ1	0.0135600890145687	-0.221660227348173	TRUE
80331	DNAJC5	0.0137458006838037	0.737036316095288	TRUE
201294	UNC13D	0.0141510368316409	1.47657824002559	TRUE
4747	NEFL	0.0153657639777533	0.397789940150195	TRUE
55748	CNDP2	0.0160340154144622	0.641756232104538	TRUE
11151	CORO1A	0.0160340154144622	-0.316990007338479	TRUE
23770	FKBP8	0.0163728102833305	-0.381848041426539	TRUE
10856	RUVBL2	0.0164251831035483	-0.264479219926045	TRUE
57180	ACTR3B	0.0176886718959175	-0.358620943649409	TRUE
9732	DOCK4	0.0181479929542948	-0.942743703530207	TRUE
2744	GLS	0.0186123570041844	0.36262749394076	TRUE
5718	PSMD12	0.0186571451621391	-0.238992181520701	TRUE
10527	IPO7	0.0186571451621391	1.95159454090704	TRUE
10632	ATP5MG	0.0186971657952455	-0.401020190320107	TRUE
10525	HYOU1	0.0190964814093524	-0.282251162957426	TRUE
203	AK1	0.0195773416878447	0.368221802113385	TRUE
7175	TPR	0.0195773416878447	-0.2542781194919	TRUE
3897	L1CAM	0.0200498050391245	0.351123854732225	TRUE
23530	NNT	0.0200498050391245	-0.287334379506546	TRUE
6228	RPS23	0.0200498050391245	-1.01972336838681	TRUE
3304	HSPA1B	0.0201328069344953	0.444914060278351	TRUE
6515	SLC2A3	0.0201328069344953	-0.406051025152342	TRUE
2521	FUS	0.0201328069344953	-0.817869225865389	TRUE
9782	MATR3	0.0218302689201906	-0.61531682556327	TRUE
9868	TOMM70	0.0219374991613993	-0.19326532263786	TRUE
529	ATP6V1E1	0.0221150440739455	0.400375959889348	TRUE
3308	HSPA4	0.0231759430509653	-0.213620522464347	TRUE
5567	PRKACB	0.0239565954663105	-0.561740359313417	TRUE
3021	H3-3B	0.0242995709789915	-0.546574467976793	TRUE
6529	SLC6A1	0.0246729606179157	-0.606581061382511	TRUE
8604	SLC25A12	0.0256716898389058	-0.254940827195299	TRUE
81790	RNF170	0.0256716898389058	-0.371918406728217	TRUE
254948	RPL9P8	0.0264561297730805	-0.472587018019239	TRUE
815	CAMK2A	0.0269111294004335	-0.763075335292029	TRUE
6122	RPL3	0.0269111294004335	-0.517764992895024	TRUE
1173	AP2M1	0.0272505630729486	-0.233674877166066	TRUE
6730	SRP68	0.0280016975468615	-0.433055084755947	TRUE
54472	TOLLIP	0.0284559265592321	0.933315094691371	TRUE
2596	GAP43	0.0284559265592321	0.316729662421758	TRUE
29927	SEC61A1	0.028667787244782	-0.577947278238399	TRUE
351	APP	0.0287243620085153	0.641193308948909	TRUE
6201	RPS7	0.0320841268054133	-0.297725903262036	TRUE
3608	ILF2	0.0320841268054133	-0.367733812349883	TRUE
23362	PSD3	0.0321307223262428	0.510472935818383	TRUE
25824	PRDX5	0.0325191300286224	0.46796841892263	TRUE
5870	RAB6A	0.0325191300286224	0.267061205766702	TRUE
1454	CSNK1E	0.0325191300286224	0.558396237938444	TRUE
7812	CSDE1	0.0325191300286224	-0.255522581727972	TRUE
6124	RPL4	0.0325191300286224	-0.377426308866764	TRUE
51440	HPCAL4	0.0327629549341188	0.624568347112766	TRUE
375	ARF1	0.0329143264945948	0.453971352034821	TRUE
5119	CHMP1A	0.033691585838041	0.74388336708591	TRUE
9805	SCRN1	0.033691585838041	0.529613195126003	TRUE
4978	OPCML	0.0337936738737844	0.60830177224729	TRUE
51495	HACD3	0.0340329323348841	-0.274989881185265	TRUE
5348	FXYD1	0.0347164386615481	0.558996539560526	TRUE
23467	NPTXR	0.0365272776054335	0.39904219883906	TRUE
7086	TKT	0.0371086135793344	0.459340164572517	TRUE
56926	NCLN	0.0371086135793344	-0.335090137913556	TRUE
5284	PIGR	0.0380189534399602	0.538736748773432	TRUE
7841	MOGS	0.0386838429653575	-0.357255726721908	TRUE
526	ATP6V1B2	0.0396313618218671	0.284163900031251	TRUE
5575	PRKAR1B	0.0396313618218671	-0.301748443055804	TRUE
3609	ILF3	0.0396313618218671	-0.400563248669856	TRUE
6456	SH3GL2	0.0402348506239924	0.30165570907661	TRUE
3418	IDH2	0.0402348506239924	0.329701331308756	TRUE
8079	MLF2	0.0403853291741774	0.408729218151583	TRUE
85358	SHANK3	0.0403931372308756	0.259780843882968	TRUE
1410	CRYAB	0.041129623815763	0.576717429039867	TRUE
10910	SUGT1	0.0427939587714602	0.216047607673168	TRUE
6836	SURF4	0.0453821363448436	-0.472265800098955	TRUE
55752	SEPTIN11	0.0454195031520307	0.274331105151816	TRUE
2180	ACSL1	0.0455538910006763	-0.655165556801154	TRUE
10659	CELF2	0.0457473320608649	-0.483229241321656	TRUE
23786	BCL2L13	0.0470499312637776	1.15931217323875	TRUE
2776	GNAQ	0.0485884026011211	-0.315688122766366	TRUE
51560	RAB6B	0.0485884026011211	0.298869415769518	TRUE
1615	DARS1	0.0485884026011211	-0.185434145879913	TRUE
101060301	HNRNPCL4	0.0486763151923605	-0.885393305007186	TRUE
10397	NDRG1	0.0487692379985892	-0.336862212815506	TRUE
5594	MAPK1	0.0487958360528839	0.293408000033421	TRUE
138046	RALYL	0.0487958360528839	-0.336984718751551	TRUE
3708	ITPR1	0.0523835105226722	-0.311079221106524	FALSE
6950	TCP1	0.0526225952796697	-0.148437422152829	FALSE
7150	TOP1	0.0528378811053606	-0.749763411035796	FALSE
6135	RPL11	0.0528378811053606	-0.571578513302353	FALSE
5917	RARS1	0.0528378811053606	-0.338400460689194	FALSE
5706	PSMC6	0.0530300905082257	-0.19245116239709	FALSE
8402	SLC25A11	0.0539347510226844	-0.345947660029231	FALSE
10492	SYNCRIP	0.0558441378884683	-0.382133204724444	FALSE
6202	RPS8	0.0562232387469258	-0.275787436148888	FALSE
55161	TMEM33	0.0562232387469258	-0.512686429385016	FALSE
25927	CNRIP1	0.0565831323824392	0.693153661951311	FALSE
308	ANXA5	0.057863467880366	0.37757183102485	FALSE
6224	RPS20	0.0584502263126629	-0.453494833196566	FALSE
4741	NEFM	0.0586722050479563	0.361702891533463	FALSE
23603	CORO1C	0.0592927620725527	-0.359504276171665	FALSE
10439	OLFM1	0.0592927620725527	0.679102869969332	FALSE
54946	SLC41A3	0.0592927620725527	0.654115255891589	FALSE
7337	UBE3A	0.059461790192307	-0.80814871334197	FALSE
6853	SYN1	0.0624799941442161	0.458105681963565	FALSE
2011	MARK2	0.0632898394201836	-0.262957903039892	FALSE
2934	GSN	0.063739820763186	0.436586085048872	FALSE
1434	CSE1L	0.0646788537664104	-0.236734609177874	FALSE
24141	LAMP5	0.0656497663588984	0.40631206704089	FALSE
23647	ARFIP2	0.0667499134509727	0.524082927588852	FALSE
4045	LSAMP	0.0673590459565858	0.352048729738564	FALSE
6147	RPL23A	0.0682671955387591	-0.871123789517589	FALSE
2734	GLG1	0.0719771062722234	-0.277058360734582	FALSE
22866	CNKSR2	0.074106817609348	-0.242980696096581	FALSE
5518	PPP2R1A	0.0762176436974133	-0.213913752376007	FALSE
8775	NAPA	0.077212963181279	-0.163942864238822	FALSE
10528	NOP56	0.0775084990479176	-0.322520182704574	FALSE
6128	RPL6	0.0776309259685277	-0.362935378677136	FALSE
84254	CAMKK1	0.0777215933952555	0.897061908173852	FALSE
5730	PTGDS	0.0779939942099713	0.788760137637748	FALSE
10808	HSPH1	0.0779939942099713	-0.170856184405235	FALSE
7532	YWHAG	0.0779939942099713	-0.316163524274999	FALSE
4869	NPM1	0.0779939942099713	-0.255405486528264	FALSE
5714	PSMD8	0.0794279166423015	-0.284370799767444	FALSE
79966	SCD5	0.0794279166423015	-0.610918116129286	FALSE
1742	DLG4	0.0823028519670607	0.421004011635488	FALSE
643246	MAP1LC3B2	0.0827406527321402	0.544526516835433	FALSE
6616	SNAP25	0.0827406527321402	0.396303283773013	FALSE
51602	NOP58	0.0830175984191993	-0.365402062136845	FALSE
26528	DAZAP1	0.0851712920690494	0.681253955870653	FALSE
84293	PRXL2A	0.0901992512823675	-0.449003508155963	FALSE
26580	BSCL2	0.0903601889350898	-0.373315080544128	FALSE
1655	DDX5	0.090437778203214	-0.212873880022952	FALSE
56853	CELF4	0.0908526665408672	-0.388784878687637	FALSE
83992	CTTNBP2	0.0913994235013042	-0.52462456592617	FALSE
348	APOE	0.0942871059200571	0.433095749614156	FALSE
257194	NEGR1	0.0971195741552673	0.50475774941648	FALSE
5300	PIN1	0.0973618618499929	0.261327642046106	FALSE
10540	DCTN2	0.102456730724198	0.221093513827886	FALSE
5213	PFKM	0.105360444734269	-0.191548771557929	FALSE
5034	P4HB	0.105514373733179	-0.244118163169357	FALSE
2166	FAAH	0.105514373733179	-1.29483128791488	FALSE
29934	SNX12	0.105654127400741	0.259259548374559	FALSE
9829	DNAJC6	0.106495951634472	0.231669812180921	FALSE
259217	HSPA12A	0.108183116833786	-0.315906940417102	FALSE
23176	SEPTIN8	0.109158302543881	0.194773829635811	FALSE
140885	SIRPA	0.109158302543881	0.325520252732341	FALSE
5581	PRKCE	0.109158302543881	-0.260908964750658	FALSE
9445	ITM2B	0.109229708630905	-0.512367602009584	FALSE
5573	PRKAR1A	0.109730535269712	-0.199743260578902	FALSE
92906	HNRNPLL	0.109730535269712	-0.320339029360592	FALSE
1728	NQO1	0.11232071751029	0.870089892373506	FALSE
56255	TMX4	0.11232071751029	-0.314281931781827	FALSE
23196	FAM120A	0.112393732548866	-0.258263844398887	FALSE
1209	CLPTM1	0.112881159509227	-0.360908373513171	FALSE
1778	DYNC1H1	0.114910708109691	-0.242104209576666	FALSE
5976	UPF1	0.116945040592495	-0.201989759656258	FALSE
166614	DCLK2	0.119245772987886	-0.242849171494937	FALSE
9147	NEMF	0.119245772987886	-0.459612264842163	FALSE
7466	WFS1	0.119440865944064	-0.468501242240808	FALSE
9118	INA	0.120475690471919	0.287646340655857	FALSE
8943	AP3D1	0.121032279802572	-0.218512451818831	FALSE
10054	UBA2	0.126565024649033	-0.295979817900689	FALSE
55690	PACS1	0.126565024649033	0.992430487801862	FALSE
2562	GABRB3	0.126999283241829	-0.547173955013194	FALSE
6000	RGS7	0.127585492632197	-0.244139078468304	FALSE
1400	CRMP1	0.127585492632197	0.208362578788175	FALSE
9761	MLEC	0.127585492632197	-0.239269661747242	FALSE
5719	PSMD13	0.128344719017244	-0.248865961897002	FALSE
84892	POMGNT2	0.136194206053136	-0.23714345914206	FALSE
231	AKR1B1	0.136478860323463	0.499105655805873	FALSE
8976	WASL	0.136478860323463	-0.353005967582676	FALSE
5510	PPP1R7	0.137178263488646	0.475414914743939	FALSE
5361	PLXNA1	0.137178263488646	-0.236455727529604	FALSE
4140	MARK3	0.142602233866062	-1.0009299909922	FALSE
25813	SAMM50	0.145786534576127	-0.240706890618512	FALSE
10658	CELF1	0.146193656328556	-0.310095633733102	FALSE
10618	TGOLN2	0.146637733497002	-0.2902293337992	FALSE
8724	SNX3	0.148074889892405	0.301556765311059	FALSE
5705	PSMC5	0.148303048390533	-0.178386913740173	FALSE
55605	KIF21A	0.150076225957193	-0.204845178280484	FALSE
55832	CAND1	0.150524819923526	-0.561445831247977	FALSE
6804	STX1A	0.150638652821204	0.237854978177775	FALSE
1808	DPYSL2	0.153165257029243	0.415819547723311	FALSE
400	ARL1	0.153165257029243	-0.320788237542095	FALSE
81553	CYRIA	0.15454918523663	-0.1917502112844	FALSE
51534	VTA1	0.155561678927623	0.224684116474095	FALSE
10094	ARPC3	0.155561678927623	-0.278196823234531	FALSE
8065	CUL5	0.156069160264988	-0.265086826080112	FALSE
6428	SRSF3	0.156069160264988	-0.470497610027039	FALSE
9804	TOMM20	0.160143132696836	-0.322667410131671	FALSE
3208	HPCA	0.163440209083346	0.431708295200132	FALSE
26232	FBXO2	0.163440209083346	0.260441470972983	FALSE
3122	HLA-DRA	0.164629131628442	-0.58147841222346	FALSE
4644	MYO5A	0.168247256141869	-0.229277793535794	FALSE
476	ATP1A1	0.169153257771385	-0.320484962974793	FALSE
9922	IQSEC1	0.171233785393635	-0.218989059721575	FALSE
6136	RPL12	0.174202593061259	-0.242465991647555	FALSE
8120	AP3B2	0.174202593061259	-0.144274731676966	FALSE
427	ASAH1	0.174403932407574	0.339955698010383	FALSE
6712	SPTBN2	0.176664438551171	-0.254954706101873	FALSE
63827	BCAN	0.179620586922137	0.321475633163853	FALSE
5901	RAN	0.18474101937613	0.571286648267817	FALSE
6155	RPL27	0.185179501413522	-0.365093986741221	FALSE
140707	BRI3BP	0.185397084296042	-0.327082856043517	FALSE
5007	OSBP	0.195054806656577	-1.09166535358101	FALSE
9524	TECR	0.195370235069626	-0.371936184718588	FALSE
84570	COL25A1	0.198685609008761	0.641841096073346	FALSE
6786	STIM1	0.198685609008761	0.563461407524494	FALSE
84681	HINT2	0.2017839136882	-0.9851356916477	FALSE
57459	GATAD2B	0.201925621936015	0.697110727001512	FALSE
6888	TALDO1	0.203963445086092	0.198736739627072	FALSE
56886	UGGT1	0.203963445086092	-0.204909380114272	FALSE
22884	WDR37	0.206086828595689	-0.302918302637103	FALSE
6157	RPL27A	0.206086828595689	-0.498032930429165	FALSE
11160	ERLIN2	0.206086828595689	-0.234459343506276	FALSE
4522	MTHFD1	0.206086828595689	-0.204714971301205	FALSE
966	CD59	0.206475460165377	0.502090728791596	FALSE
10949	HNRNPA0	0.206836921500375	-0.34726592981642	FALSE
57282	SLC4A10	0.207526655311285	-0.256730465828301	FALSE
57552	NCEH1	0.210954709146599	-0.2585021778069	FALSE
5954	RCN1	0.211452963923507	0.316442179157137	FALSE
9456	HOMER1	0.211784045011062	-0.764260070904073	FALSE
9554	SEC22B	0.211784045011062	-0.192731708055555	FALSE
26049	FAM169A	0.212460465777561	-0.787815994456172	FALSE
3419	IDH3A	0.213095905028689	0.382325772458624	FALSE
56925	LXN	0.219531569856383	0.883029960752783	FALSE
6231	RPS26	0.219607576350365	-0.496199670632147	FALSE
25977	NECAP1	0.219607576350365	0.444107082240382	FALSE
6194	RPS6	0.219607576350365	-0.309326163555652	FALSE
491	ATP2B2	0.219607576350365	-0.331763732780835	FALSE
6143	RPL19	0.22163103189696	-0.440465489714695	FALSE
3797	KIF3C	0.222439924648585	-0.176571438737366	FALSE
2820	GPD2	0.222439924648585	-0.817189982559785	FALSE
6653	SORL1	0.2236507287695	-0.301871870265579	FALSE
5050	PAFAH1B3	0.227288000989204	0.364916807962985	FALSE
79143	MBOAT7	0.236146967593133	-0.260261623290556	FALSE
1345	COX6C	0.236971882379607	-0.371618381364247	FALSE
5048	PAFAH1B1	0.239249161757346	0.324821060825062	FALSE
6169	RPL38	0.240438237812755	-0.345716114046353	FALSE
205	AK4	0.241351286129523	0.179751749187495	FALSE
2917	GRM7	0.241351286129523	-2.38816677486423	FALSE
9615	GDA	0.241351286129523	-0.544968952892577	FALSE
10432	RBM14	0.24744202389593	-0.370432955076812	FALSE
29968	PSAT1	0.24867143875403	0.17730738996716	FALSE
4719	NDUFS1	0.24867143875403	-0.106473041381514	FALSE
3895	KTN1	0.248746304815646	0.369494888958913	FALSE
1152	CKB	0.263046256752056	0.390672667848612	FALSE
65992	DDRGK1	0.267308523788904	0.494915752869937	FALSE
5579	PRKCB	0.268354957011557	-0.199254782132353	FALSE
1284	COL4A2	0.268354957011557	-0.363190145652569	FALSE
6137	RPL13	0.274768365041909	-0.229438091986749	FALSE
58513	EPS15L1	0.275419628770042	0.270516292283434	FALSE
9352	TXNL1	0.277022472435783	0.490325976636904	FALSE
10636	RGS14	0.278857942965867	-1.10639538166	FALSE
51119	SBDS	0.288465199427205	0.294719037413587	FALSE
7296	TXNRD1	0.288465199427205	-0.402037157861658	FALSE
54769	DIRAS2	0.288465199427205	-0.199855329476846	FALSE
7417	VDAC2	0.288465199427205	-0.311226589558665	FALSE
829	CAPZA1	0.29249068385063	0.536586569427653	FALSE
5910	RAP1GDS1	0.297532371646575	-0.188855643681229	FALSE
2873	GPS1	0.298866814067953	-0.200008717978794	FALSE
448834	KPRP	0.298866814067953	0.973006018126602	FALSE
23576	DDAH1	0.299426251078946	0.201929359326985	FALSE
1827	RCAN1	0.299426251078946	0.329205949056698	FALSE
64787	EPS8L2	0.299547952598196	0.439800616754967	FALSE
54495	TMX3	0.299911901037575	-0.301511155521075	FALSE
9208	LRRFIP1	0.299911901037575	0.198025611041908	FALSE
27101	CACYBP	0.301182193520397	0.564129624184454	FALSE
482	ATP1B2	0.301182193520397	0.209890940054618	FALSE
10972	TMED10	0.301699468284929	-0.224649844356667	FALSE
30845	EHD3	0.310790430421383	0.279109556089436	FALSE
6745	SSR1	0.314090919689519	-0.27092767234241	FALSE
254122	SNX32	0.322706936666476	-0.599134278029978	FALSE
4130	MAP1A	0.322905325888875	0.141655755629195	FALSE
1936	EEF1D	0.323428959384958	0.236978181877788	FALSE
10801	SEPTIN9	0.32554598458971	0.233553924316234	FALSE
644	BLVRA	0.32554598458971	0.465387269791199	FALSE
10314	LANCL1	0.327661058720915	0.235517536785158	FALSE
291	SLC25A4	0.331490891257423	-0.355062079150946	FALSE
7461	CLIP2	0.331641882235331	0.279644349559429	FALSE
55207	ARL8B	0.33306705628364	-0.241018693270048	FALSE
9694	EMC2	0.333759302948491	-0.305582157654128	FALSE
2286	FKBP2	0.335659468155012	0.489606298533834	FALSE
4057	LTF	0.335659468155012	0.317320884853256	FALSE
57613	FAM234B	0.335659468155012	-0.27648774486522	FALSE
6152	RPL24	0.336010795928685	-0.617065036430606	FALSE
25939	SAMHD1	0.336010795928685	-0.28448152877591	FALSE
5578	PRKCA	0.33737655096575	-0.228324671229108	FALSE
57142	RTN4	0.339215170241582	0.129355300507016	FALSE
2232	FDXR	0.339215170241582	0.199811055984243	FALSE
6165	RPL35A	0.341249280971604	-0.214050558784183	FALSE
5354	PLP1	0.342369072139701	-0.572040735642935	FALSE
276	AMY1A	0.343602790084577	1.34361649488718	FALSE
51062	ATL1	0.34406538123557	-0.232590602285651	FALSE
6400	SEL1L	0.344398771685509	-0.283003559486113	FALSE
2697	GJA1	0.346200845420908	0.390577298402893	FALSE
120	ADD3	0.346500670844851	0.184948240761118	FALSE
9774	BCLAF1	0.349556437660353	-0.480225191533448	FALSE
7167	TPI1	0.354915449017287	0.276522095992297	FALSE
8417	STX7	0.355263385863376	0.226754579408827	FALSE
399687	MYO18A	0.355263385863376	-0.334753483762349	FALSE
51555	PEX5L	0.357585968684768	-0.26107927874327	FALSE
10282	BET1	0.357585968684768	-0.632542343088152	FALSE
2775	GNAO1	0.357738509188319	-0.74863787410098	FALSE
821	CANX	0.363348187373579	-0.127849444590408	FALSE
6193	RPS5	0.367863444416133	-0.322903283349727	FALSE
389677	RBM12B	0.370303225744294	-0.291963066175007	FALSE
292	SLC25A5	0.370787385383123	-0.232305267742954	FALSE
811	CALR	0.371737492888309	0.416386695052782	FALSE
84867	PTPN5	0.371737492888309	-0.502955136742478	FALSE
6543	SLC8A2	0.373066861224306	-0.219751915832894	FALSE
10594	PRPF8	0.373066861224306	-0.175713555296873	FALSE
6203	RPS9	0.374768824840866	-0.168751387064275	FALSE
1653	DDX1	0.376280696108185	-0.36762137125969	FALSE
29114	TAGLN3	0.385539405290047	0.135937962837313	FALSE
537	ATP6AP1	0.387579631689853	0.206801101389475	FALSE
7082	TJP1	0.388470012046362	-0.389109641256138	FALSE
83660	TLN2	0.391920177328	-0.142650857358572	FALSE
129285	PPP1R21	0.395292618485357	0.325266180931219	FALSE
11196	SEC23IP	0.398252597850633	0.254552584859315	FALSE
2534	FYN	0.398513178502691	0.187190725730347	FALSE
2947	GSTM3	0.398513178502691	0.165561165631337	FALSE
6854	SYN2	0.401100252189656	0.206050367986802	FALSE
2280	FKBP1A	0.406933412484544	0.968845109989035	FALSE
26090	ABHD12	0.406933412484544	-0.172186513021603	FALSE
2547	XRCC6	0.406933412484544	-0.119721653682966	FALSE
4698	NDUFA5	0.407877159929789	0.483252845917099	FALSE
4736	RPL10A	0.409652532308534	-0.229167311039476	FALSE
9343	EFTUD2	0.416686507325579	-0.209533397481527	FALSE
8747	ADAM21	0.419143621743013	-0.970802242899092	FALSE
5709	PSMD3	0.419892613815899	-0.179244779339343	FALSE
59283	CACNG8	0.42120121880807	-0.386831958090025	FALSE
55753	OGDHL	0.423202292198047	-0.137807443663275	FALSE
25978	CHMP2B	0.424440542745114	0.281686909994754	FALSE
5965	RECQL	0.424440542745114	-0.756711559503661	FALSE
3157	HMGCS1	0.425933985562185	-0.727175332075674	FALSE
2665	GDI2	0.426073755491855	-0.15460603286598	FALSE
53	ACP2	0.426382120061741	0.385959114338595	FALSE
22848	AAK1	0.428097772020863	-0.160945516673232	FALSE
347	APOD	0.438486072645452	0.494125437598529	FALSE
8607	RUVBL1	0.43906254860749	-0.222912773615036	FALSE
57003	CCDC47	0.446201532985158	-0.211200804558273	FALSE
60680	CELF5	0.44721258810363	-0.393655613714559	FALSE
908	CCT6A	0.44807231539485	-0.146600597405057	FALSE
23020	SNRNP200	0.44811004575847	-0.260157294318743	FALSE
8832	CD84	0.449759792536516	0.418064606043136	FALSE
4129	MAOB	0.45132944051882	0.156147916232576	FALSE
1666	DECR1	0.452936861746853	-0.291702108656481	FALSE
23333	DPY19L1	0.452936861746853	-0.760405233512636	FALSE
152007	GLIPR2	0.453987438489939	-0.36270936945709	FALSE
8831	SYNGAP1	0.45520230774127	-0.248407633055481	FALSE
4976	OPA1	0.45520230774127	-0.106518170410973	FALSE
6748	SSR4	0.45520230774127	-0.250184003015841	FALSE
18	ABAT	0.45520230774127	-0.203752789525468	FALSE
546	ATRX	0.45520230774127	-0.652158492940213	FALSE
29789	OLA1	0.456255983788824	0.274267411562782	FALSE
60496	AASDHPPT	0.460222960327657	0.42138229049242	FALSE
23413	NCS1	0.467268896171105	0.211786431551317	FALSE
1020	CDK5	0.467268896171105	-0.121841517299787	FALSE
9555	MACROH2A1	0.469770691025789	0.49835063555515	FALSE
51412	ACTL6B	0.469770691025789	-0.895433128713732	FALSE
5912	RAP2B	0.469770691025789	0.318900820707039	FALSE
11158	RABL2B	0.469770691025789	-0.329869106090048	FALSE
51095	TRNT1	0.470409714279729	-0.258952450403902	FALSE
1974	EIF4A2	0.470964767099489	-0.09006864325776	FALSE
6189	RPS3A	0.472166709786326	-0.187892819346869	FALSE
92597	MOB1B	0.472166709786326	0.471185132372932	FALSE
57222	ERGIC1	0.477586660366895	-0.116356108993926	FALSE
6009	RHEB	0.479470013121737	-0.15867484206426	FALSE
10487	CAP1	0.479470013121737	0.0841399979297235	FALSE
10391	CORO2B	0.479470013121737	-0.315265584756953	FALSE
4535	MT-ND1	0.479896744723428	-0.220021228786417	FALSE
1107	CHD3	0.486568725628814	0.490955731751019	FALSE
23193	GANAB	0.486772734032992	0.180036148960025	FALSE
51280	GOLM1	0.486772734032992	-0.214213913253633	FALSE
10396	ATP8A1	0.488611291731063	-0.139964563991862	FALSE
220296	HEPACAM	0.498805750276997	0.213507150139155	FALSE
55704	CCDC88A	0.498805750276997	-0.320610975660719	FALSE
832	CAPZB	0.498805750276997	-0.168319524487312	FALSE
1399	CRKL	0.50156933227135	0.33050394589553	FALSE
822	CAPG	0.50200836084505	0.838136712506625	FALSE
55970	GNG12	0.505811044659637	0.404940617921387	FALSE
3029	HAGH	0.505811044659637	0.606924920036348	FALSE
490	ATP2B1	0.510497775528558	-0.23288572996608	FALSE
5529	PPP2R5E	0.520654454908816	-0.150891771572323	FALSE
51637	RTRAF	0.521577802632234	0.174930791448637	FALSE
128866	CHMP4B	0.521577802632234	0.237937094780499	FALSE
55512	SMPD3	0.521577802632234	-0.200510683653794	FALSE
201562	HACD2	0.521577802632234	-0.574678487290092	FALSE
8667	EIF3H	0.521577802632234	0.253538146715931	FALSE
2539	G6PD	0.521577802632234	0.374683548888185	FALSE
10059	DNM1L	0.521577802632234	-0.114692465437735	FALSE
273	AMPH	0.522959526801277	0.133118054195176	FALSE
57476	GRAMD1B	0.524599375193286	-0.363451309548086	FALSE
4974	OMG	0.531585829140191	0.161108312302021	FALSE
3032	HADHB	0.541180430874068	0.137694190311842	FALSE
389941	C1QL3	0.545187887190759	0.229315067091948	FALSE
6156	RPL30	0.545187887190759	-0.184266759270319	FALSE
4204	MECP2	0.545187887190759	-0.283937524502435	FALSE
6386	SDCBP	0.548608926386616	0.193058892437071	FALSE
9377	COX5A	0.54916620134636	0.212550324021647	FALSE
10484	SEC23A	0.551656595359253	-0.169317677844122	FALSE
10449	ACAA2	0.552512879397837	0.169594997301885	FALSE
94081	SFXN1	0.553143939090477	-0.107359861341821	FALSE
2512	FTL	0.557010843513548	0.322514167658031	FALSE
151516	ASPRV1	0.558044314577697	0.440194894907684	FALSE
84364	ARFGAP2	0.559282032858648	-0.345637023359646	FALSE
4809	SNU13	0.560012779715717	-0.214334624825622	FALSE
7915	ALDH5A1	0.562801205824805	-0.168607776016924	FALSE
9217	VAPB	0.565200751460635	0.313774088084512	FALSE
4744	NEFH	0.570595993204831	0.117490674208938	FALSE
29767	TMOD2	0.570595993204831	0.234334720484303	FALSE
58484	NLRC4	0.570595993204831	0.597277331238319	FALSE
64601	VPS16	0.588659558869384	-0.223741723329076	FALSE
5814	PURB	0.593120729065258	-0.302428048893663	FALSE
55362	TMEM63B	0.595918652020488	-0.399059314743386	FALSE
23396	PIP5K1C	0.609126417077577	-0.307535608607279	FALSE
54585	LZTFL1	0.609881432440122	0.216175634800862	FALSE
55738	ARFGAP1	0.614217655295722	-0.155957217686997	FALSE
653781	POTEJ	0.617478804261439	0.485609446408404	FALSE
8473	OGT	0.617934732225301	-0.133455070703096	FALSE
2746	GLUD1	0.618828858413913	0.212485498701187	FALSE
5886	RAD23A	0.618828858413913	0.340047245045793	FALSE
10728	PTGES3	0.61963595470205	-0.206261990694922	FALSE
3735	KARS1	0.621552005927434	0.182877531596333	FALSE
22829	NLGN4Y	0.623520361079434	-0.220871575185914	FALSE
10627	MYL12A	0.632518675206118	0.151186383478725	FALSE
1404	HAPLN1	0.633362159032341	0.171907273282916	FALSE
7922	SLC39A7	0.633362159032341	-0.362973982328175	FALSE
26121	PRPF31	0.637808330532874	-0.2856644170357	FALSE
11344	TWF2	0.637907092102441	-0.118479290732913	FALSE
10982	MAPRE2	0.638509269483781	0.107089595862474	FALSE
3371	TNC	0.645180895188946	0.239045128635526	FALSE
81609	SNX27	0.65546519287238	-0.196341149590775	FALSE
2266	FGG	0.661584122966199	-0.595989464828176	FALSE
80142	PTGES2	0.662263637722191	0.226030483517284	FALSE
119	ADD2	0.665498432572152	-0.147287236598698	FALSE
293	SLC25A6	0.665498432572152	-0.280114938290915	FALSE
5701	PSMC2	0.665498432572152	-0.179954376876036	FALSE
5218	CDK14	0.66633717538747	0.265424055336988	FALSE
128240	NAXE	0.669032620566127	-0.447435599577564	FALSE
9513	FXR2	0.669278141563158	-0.151257592387939	FALSE
6326	SCN2A	0.669278141563158	0.170836140714325	FALSE
9114	ATP6V0D1	0.669337974170997	-0.102277586608319	FALSE
9908	G3BP2	0.674778002018934	0.212808791440689	FALSE
10590	SCGN	0.674778002018934	-0.16897915605907	FALSE
5802	PTPRS	0.674778002018934	0.117594449019194	FALSE
91404	SESTD1	0.674778002018934	0.50744372984557	FALSE
22800	RRAS2	0.674778002018934	0.136868311236195	FALSE
2785	GNG3	0.681903021866284	-0.294970022196029	FALSE
23284	ADGRL3	0.682635385446424	0.21381520069834	FALSE
55750	AGK	0.684545705535958	-0.123283644554258	FALSE
11079	RER1	0.684545705535958	-0.433523178044716	FALSE
4905	NSF	0.686957867302042	-0.228555908429809	FALSE
9093	DNAJA3	0.687425036678602	-0.393551619381366	FALSE
8936	WASF1	0.690401685435725	-0.116151773923745	FALSE
7317	UBA1	0.69413208662895	0.100396444067675	FALSE
10211	FLOT1	0.699007034641154	0.118967546405784	FALSE
2010	EMD	0.702275333340348	-0.126564878495013	FALSE
3964	LGALS8	0.710374981300446	0.524340488645973	FALSE
874	CBR3	0.710551498406906	0.468468761744636	FALSE
2788	GNG7	0.727003858141339	-0.19644763168178	FALSE
1893	ECM1	0.729655010923077	0.238666208560615	FALSE
653519	GPR89A	0.729655010923077	-0.409707642658091	FALSE
4538	MT-ND4	0.739199471044306	-0.165427176388993	FALSE
92747	BPIFB1	0.739199471044306	0.491351383614578	FALSE
5689	PSMB1	0.739228134913133	0.106622914980787	FALSE
1266	CNN3	0.744467886189974	0.234620458397936	FALSE
513	ATP5F1D	0.745816782230105	-0.164983412995975	FALSE
5879	RAC1	0.746617917067735	-0.107256987595111	FALSE
23154	NCDN	0.748553120928791	-0.0945153000691298	FALSE
5936	RBM4	0.748553120928791	-0.149384476683179	FALSE
222223	ELAPOR2	0.750643941744015	-0.406584342160576	FALSE
477	ATP1A2	0.754884110704395	-0.109226823696219	FALSE
667	DST	0.755172439616236	-0.234042872832676	FALSE
2182	ACSL4	0.755279185208975	-0.377704688831602	FALSE
23787	MTCH1	0.758233829093508	-0.147913322458216	FALSE
56904	SH3GLB2	0.761355296320985	0.150217666224156	FALSE
55312	RFK	0.766683143320512	-0.285047909017168	FALSE
23136	EPB41L3	0.769705542536502	0.0882011523657353	FALSE
11325	DDX42	0.77646758763453	0.2308763118458	FALSE
50488	MINK1	0.777625166536871	-0.109299238240664	FALSE
29924	EPN1	0.781659989918158	0.289988882574415	FALSE
1995	ELAVL3	0.783914711669685	-0.176958256858249	FALSE
1213	CLTC	0.783946792362855	-0.15283811133472	FALSE
7419	VDAC3	0.789960902038795	-0.173097831984202	FALSE
5898	RALA	0.789960902038795	0.125050106929543	FALSE
51164	DCTN4	0.789960902038795	0.213878655881635	FALSE
25999	CLIP3	0.789960902038795	0.292519978199659	FALSE
54968	TMEM70	0.789960902038795	0.240563591120181	FALSE
162	AP1B1	0.790053003974062	-0.14301479708142	FALSE
5528	PPP2R5D	0.790053003974062	-0.161898194195661	FALSE
54332	GDAP1	0.794763357565271	-0.0909971974978556	FALSE
6222	RPS18	0.797926329714043	-0.101800304800155	FALSE
309	ANXA6	0.798472116210759	-0.114770774334939	FALSE
10160	FARP1	0.801917314602545	-0.20049277304048	FALSE
5684	PSMA3	0.804274624175973	0.133171525740757	FALSE
5049	PAFAH1B2	0.804274624175973	0.25497980700102	FALSE
1073	CFL2	0.805151737880891	0.172619475680931	FALSE
6507	SLC1A3	0.806071479477578	0.202140881426965	FALSE
5887	RAD23B	0.81086170315533	-0.533062013925759	FALSE
51807	TUBA8	0.81086170315533	-0.122059108624105	FALSE
4155	MBP	0.81086170315533	-0.237193978053359	FALSE
2770	GNAI1	0.81086170315533	-0.140772354203042	FALSE
4253	MIA2	0.81086170315533	0.223088693716181	FALSE
10654	PMVK	0.81086170315533	-0.127633763432843	FALSE
7051	TGM1	0.811174390761373	0.105187964323984	FALSE
4508	MT-ATP6	0.811174390761373	-0.187216271199348	FALSE
51552	RAB14	0.811174390761373	0.09159033332297	FALSE
10325	RRAGB	0.812550154843584	-0.11425369865329	FALSE
3417	IDH1	0.812550154843584	-0.399132485876342	FALSE
3241	HPCAL1	0.813705341326368	0.557655888371036	FALSE
662	BNIP1	0.816968700626948	-0.163586661682835	FALSE
11041	B4GAT1	0.824782858123532	-0.236212715021278	FALSE
5230	PGK1	0.827824932245267	0.106670398905075	FALSE
220988	HNRNPA3	0.82962970782778	-0.170565461615962	FALSE
6206	RPS12	0.82962970782778	-0.260961949965191	FALSE
23705	CADM1	0.836841149437662	0.515250846040626	FALSE
23092	ARHGAP26	0.836841149437662	-0.150646606354574	FALSE
92483	LDHAL6B	0.836841149437662	-0.571499775429596	FALSE
3838	KPNA2	0.839304702369004	-0.277078015785409	FALSE
5019	OXCT1	0.846659289498417	0.125684268023378	FALSE
6046	BRD2	0.846792029384292	0.403798127630886	FALSE
2664	GDI1	0.847364298334526	-0.0937952371299474	FALSE
22908	SACM1L	0.851746291109472	-0.192407969702193	FALSE
22933	SIRT2	0.851945764302949	-0.341539800877157	FALSE
3028	HSD17B10	0.85356693780518	0.201068831131169	FALSE
22907	DHX30	0.85356693780518	-0.114044193565938	FALSE
9901	SRGAP3	0.856456934644596	-0.149005215459255	FALSE
5516	PPP2CB	0.859148816077185	0.391442157105304	FALSE
1176	AP3S1	0.859699527683154	-0.247293247160668	FALSE
813	CALU	0.873085577692342	0.23473773186242	FALSE
439921	MXRA7	0.87544152845121	0.243563232296543	FALSE
3842	TNPO1	0.876896285764944	-0.171227912581602	FALSE
23228	PLCL2	0.879291548541582	-0.632824463890588	FALSE
566	AZU1	0.879291548541582	0.393165036665563	FALSE
10554	AGPAT1	0.879291548541582	-0.219914482356618	FALSE
4685	NCAM2	0.880215735619395	0.0883686230186377	FALSE
54940	OCIAD1	0.880215735619395	-0.110940762460865	FALSE
6305	SBF1	0.881918922469225	-0.108632109570609	FALSE
9948	WDR1	0.881918922469225	-0.0983879598436435	FALSE
1656	DDX6	0.884762461803798	0.0818297831195052	FALSE
113201	GOLM2	0.884762461803798	-0.120706680946318	FALSE
6210	RPS15A	0.884762461803798	-0.0906502387322622	FALSE
56181	MTFR1L	0.884762461803798	0.252746554037524	FALSE
4131	MAP1B	0.884864147882015	0.0719160471226441	FALSE
817	CAMK2D	0.893354801657957	0.0704428781707519	FALSE
310	ANXA7	0.895509491559251	-0.0949223712151029	FALSE
5530	PPP3CA	0.895862663727216	-0.120032320871974	FALSE
826	CAPNS1	0.896771447995518	0.12880704062065	FALSE
6449	SGTA	0.896771447995518	0.217396689957626	FALSE
9515	STXBP5L	0.899341567155328	-0.138810585100258	FALSE
1272	CNTN1	0.899341567155328	0.142932172786521	FALSE
5911	RAP2A	0.899341567155328	0.130150298044372	FALSE
160	AP2A1	0.899341567155328	-0.0715620733602747	FALSE
23335	WDR7	0.899341567155328	-0.190639121379089	FALSE
4926	NUMA1	0.903514185993847	-0.246532933910246	FALSE
713	C1QB	0.903514185993847	0.278258069983158	FALSE
57731	SPTBN4	0.903514185993847	0.278503759847057	FALSE
55964	SEPTIN3	0.907121804375766	0.110703432111014	FALSE
153364	MBLAC2	0.915526486252376	0.27585127861744	FALSE
961	CD47	0.915526486252376	0.16536272566551	FALSE
8672	EIF4G3	0.917957203185012	-0.0863772179463245	FALSE
3860	KRT13	0.918189200524418	0.20848094993207	FALSE
383	ARG1	0.918189200524418	0.20724739842023	FALSE
10486	CAP2	0.918539608769234	-0.0999536570849795	FALSE
8396	PIP4K2B	0.926354093483	-0.202155585739339	FALSE
23312	DMXL2	0.932955644361169	-0.0675153834541178	FALSE
3916	LAMP1	0.933147960987302	-0.2463943548849	FALSE
10945	KDELR1	0.93327788184706	-0.221154168700164	FALSE
3030	HADHA	0.93327788184706	0.0449433502823101	FALSE
6567	SLC16A2	0.937722746548851	0.378258352447143	FALSE
6844	VAMP2	0.937722746548851	0.139766166280905	FALSE
79017	GGCT	0.937722746548851	0.251939993132332	FALSE
26091	HERC4	0.944479382184532	-0.252500811391216	FALSE
3615	IMPDH2	0.949297338029223	-0.158267624293918	FALSE
1639	DCTN1	0.949297338029223	-0.0604871677110392	FALSE
4628	MYH10	0.949297338029223	-0.0885966266282681	FALSE
54715	RBFOX1	0.960749341748263	-0.345904850094228	FALSE
10647	SCGB1D2	0.960749341748263	0.297783111913079	FALSE
494115	RBMXL1	0.962251758729894	-0.289084407912152	FALSE
4199	ME1	0.963877755077936	0.0707634952031033	FALSE
28988	DBNL	0.964015004590074	0.117011727026775	FALSE
1629	DBT	0.97143347937205	0.122783052501413	FALSE
25820	ARIH1	0.97143347937205	-0.153760188787224	FALSE
92609	TIMM50	0.974993288897503	0.119610997592015	FALSE
3843	IPO5	0.985305958451672	-0.0935387503748113	FALSE
6130	RPL7A	0.985337312637638	-0.138664011237495	FALSE
54386	TERF2IP	0.985337312637638	-0.128857753464312	FALSE
5704	PSMC4	0.985582896736684	-0.0575937886062595	FALSE
10447	FAM3C	0.985582896736684	-0.146994739760464	FALSE
642	BLMH	0.994606981706341	0.147864684659917	FALSE
10055	SAE1	0.994606981706341	-0.144139467907416	FALSE
1825	DSC3	0.994606981706341	0.269586247306242	FALSE
6741	SSB	1	1.75342753512773e-15	FALSE
1933	EEF1B2	1	-1.96249303343545e-16	FALSE
27044	SND1	1	1.01136113804386e-15	FALSE
8575	PRKRA	1	-2.25009664241177e-17	FALSE
2923	PDIA3	1	0	FALSE
8615	USO1	1	0	FALSE
57470	LRRC47	1	0	FALSE
29085	PHPT1	1	0	FALSE
4691	NCL	1	-2.28097259291866e-17	FALSE
9685	CLINT1	1	1.22316776947457e-15	FALSE
1072	CFL1	1	1.29975296178526e-17	FALSE
5093	PCBP1	1	-5.44369838955393e-18	FALSE
9255	AIMP1	1	0	FALSE
57095	PITHD1	1	0	FALSE
728689	EIF3CL	1	0	FALSE
10490	VTI1B	1	0.157383007567253	FALSE
55269	PSPC1	1	8.8660010755687e-17	FALSE
1153	CIRBP	1	-7.26462618324321e-17	FALSE
375056	MIA3	1	-4.84363479276313e-18	FALSE
4076	CAPRIN1	1	-6.83415072916771e-17	FALSE
9276	COPB2	1	2.64934764391557e-17	FALSE
3376	IARS1	1	-7.92326590054412e-17	FALSE
57628	DPP10	1	0.0686409646143908	FALSE
51699	VPS29	1	0.0490887322238224	FALSE
10454	TAB1	1	0	FALSE
9736	USP34	1	0	FALSE
26289	AK5	1	0	FALSE
56899	ANKS1B	1	-0.025467244867624	FALSE
57619	SHROOM3	1	0	FALSE
3190	HNRNPK	1	-0.0835925284813526	FALSE
57451	TENM2	1	0	FALSE
581	BAX	1	1.82502070270279e-17	FALSE
10971	YWHAQ	1	0.0138971675441452	FALSE
6286	S100P	1	0	FALSE
8030	CCDC6	1	0	FALSE
22924	MAPRE3	1	-5.30997465796224e-17	FALSE
4900	NRGN	1	0	FALSE
8802	SUCLG1	1	3.36750365664406e-15	FALSE
10452	TOMM40	1	-0.00108388802867287	FALSE
6280	S100A9	1	0.0371091203760923	FALSE
23353	SUN1	1	0	FALSE
6923	ELOB	1	5.45381724760599e-17	FALSE
83787	ARMC10	1	0	FALSE
3181	HNRNPA2B1	1	0	FALSE
51109	RDH11	1	-2.52225530452528e-15	FALSE
7203	CCT3	1	3.9138421382667e-17	FALSE
5864	RAB3A	1	0	FALSE
3178	HNRNPA1	1	-0.00694830325243234	FALSE
9167	COX7A2L	1	-0.00242337941150316	FALSE
7533	YWHAH	1	-8.02993650888373e-18	FALSE
1200	TPP1	1	0.0507507907840787	FALSE
4942	OAT	1	0	FALSE
58155	PTBP2	1	1.79759280338725e-16	FALSE
5434	POLR2E	1	0	FALSE
6546	SLC8A1	1	-1.7203588568869e-16	FALSE
1937	EEF1G	1	7.53060921228638e-17	FALSE
403	ARL3	1	1.93736250659042e-17	FALSE
57515	SERINC1	1	7.32558217876461e-18	FALSE
123283	TARS3	1	5.33981677258562e-18	FALSE
22820	COPG1	1	-4.69612765969765e-17	FALSE
7178	TPT1	1	0	FALSE
57599	WDR48	1	-0.0155990395100735	FALSE
1917	EEF1A2	1	1.44227070399259e-19	FALSE
56252	YLPM1	1	-0.195295136891823	FALSE
7529	YWHAB	1	1.98573108833906e-11	FALSE
6622	SNCA	1	-1.96691529113163e-16	FALSE
10598	AHSA1	1	-4.55640128463751e-13	FALSE
9854	C2CD2L	1	0	FALSE
2710	GK	1	-0.150421983594302	FALSE
372	ARCN1	1	4.24213249381321e-17	FALSE
492	ATP2B3	1	-0.0241773206069753	FALSE
51386	EIF3L	1	-0.0394589662145864	FALSE
9475	ROCK2	1	0	FALSE
11258	DCTN3	1	0	FALSE
136319	MTPN	1	0	FALSE
100532737	ATP6V1G2-DDX39B	1	0	FALSE
83930	STARD3NL	1	0	FALSE
8655	DYNLL1	1	0.07355736955145	FALSE
58490	RPRD1B	1	0.0219220030181966	FALSE
5631	PRPS1	1	0.0173899920291915	FALSE
8237	USP11	1	-0.0739852098155846	FALSE
8710	SERPINB7	1	0.386350783495482	FALSE
22818	COPZ1	1	-6.58501801718627e-18	FALSE
80856	LNPK	1	0	FALSE
4048	LTA4H	1	0	FALSE
5691	PSMB3	1	0	FALSE
59353	TMEM35A	1	0	FALSE
9495	AKAP5	1	0	FALSE
132204	SYNPR	1	-1.10666118446185e-17	FALSE
5538	PPT1	1	0	FALSE
53917	RAB24	1	1.55524739948581e-17	FALSE
7407	VARS1	1	-1.36337638219597e-17	FALSE
3276	PRMT1	1	2.42010484831957e-17	FALSE
1476	CSTB	1	0.309980608059187	FALSE
5833	PCYT2	1	0.0802317512742413	FALSE
85300	ATCAY	1	0	FALSE
10576	CCT2	1	0	FALSE
26092	TOR1AIP1	1	0	FALSE
2946	GSTM2	1	0.116109405785425	FALSE
10109	ARPC2	1	-0.00141520949866222	FALSE
5520	PPP2R2A	1	1.70373314494475e-16	FALSE
5834	PYGB	1	0.0117603242865783	FALSE
1938	EEF2	1	-1.06316753924697e-15	FALSE
1738	DLD	1	0	FALSE
5862	RAB2A	1	0	FALSE
9369	NRXN3	1	0	FALSE
2181	ACSL3	1	-0.0774866433976202	FALSE
22948	CCT5	1	0	FALSE
201475	RAB12	1	-0.0209299561591052	FALSE
830	CAPZA2	1	-0.0682457261311086	FALSE
4916	NTRK3	1	0.20074349455451	FALSE
4074	M6PR	1	-1.02571163510938e-37	FALSE
5955	RCN2	1	-4.37271331752797e-17	FALSE
374882	TMEM205	1	-0.328201030225497	FALSE
9145	SYNGR1	1	-9.07677526425367e-15	FALSE
1981	EIF4G1	1	0	FALSE
11272	PRR4	1	0	FALSE
3320	HSP90AA1	1	0	FALSE
4735	SEPTIN2	1	5.94567731744538e-18	FALSE
7520	XRCC5	1	0	FALSE
50813	COPS7A	1	0	FALSE
8874	ARHGEF7	1	-0.0566867331535752	FALSE
9373	PLAA	1	-0.0217384486263383	FALSE
4676	NAP1L4	1	0.0084122291063203	FALSE
10935	PRDX3	1	-7.7656566815135e-17	FALSE
6453	ITSN1	1	3.31907333122719e-17	FALSE
51228	GLTP	1	0	FALSE
2531	KDSR	1	0	FALSE
50863	NTM	1	0	FALSE
10457	GPNMB	1	0.328855973843025	FALSE
6697	SPR	1	7.58237585916132e-11	FALSE
5611	DNAJC3	1	0	FALSE
51067	YARS2	1	-0.0992063668005926	FALSE
9733	SART3	1	0	FALSE
10131	TRAP1	1	0	FALSE
23380	SRGAP2	1	-0.086468039693043	FALSE
8566	PDXK	1	0	FALSE
2273	FHL1	1	0.316993707661034	FALSE
114787	GPRIN1	1	-0.207432878272741	FALSE
9898	UBAP2L	1	3.38508240792496e-17	FALSE
10939	AFG3L2	1	0	FALSE
1499	CTNNB1	1	0	FALSE
5094	PCBP2	1	0	FALSE
7453	WARS1	1	0	FALSE
2890	GRIA1	1	-0.0603054391428485	FALSE
3646	EIF3E	1	-0.0428585638400444	FALSE
10567	RABAC1	1	0	FALSE
7874	USP7	1	1.94674050525717e-17	FALSE
84233	TMEM126A	1	-2.79052534442811e-19	FALSE
26057	ANKRD17	1	5.69027830292838e-15	FALSE
321	APBA2	1	0	FALSE
9229	DLGAP1	1	0	FALSE
84516	DCTN5	1	0	FALSE
5162	PDHB	1	0	FALSE
10923	SUB1	1	0	FALSE
2091	FBL	1	0	FALSE
100287932	TIMM23	1	3.61054231843317e-17	FALSE
100526693	ARPC4-TTLL3	1	0	FALSE
283638	CEP170B	1	0	FALSE
5903	RANBP2	1	0	FALSE
4722	NDUFS3	1	1.64261079317915e-17	FALSE
10656	KHDRBS3	1	-8.1348151920806e-17	FALSE
9545	RAB3D	1	0	FALSE
143187	VTI1A	1	0	FALSE
10456	HAX1	1	0	FALSE
90070	LACRT	1	0.270823187938396	FALSE
9688	NUP93	1	0	FALSE
10382	TUBB4A	1	0	FALSE
258010	SVIP	1	0	FALSE
1740	DLG2	1	4.40189031550881e-12	FALSE
9899	SV2B	1	-0.00843694799761691	FALSE
9100	USP10	1	-0.272876410322369	FALSE
9584	RBM39	1	0	FALSE
54732	TMED9	1	-3.71572193411508e-16	FALSE
4043	LRPAP1	1	0	FALSE
5869	RAB5B	1	0	FALSE
23071	ERP44	1	0	FALSE
56997	COQ8A	1	4.86755241383684e-19	FALSE
79969	ATAT1	1	0.0583774512140721	FALSE
80725	SRCIN1	1	1.06598143445116e-15	FALSE
3040	HBA2	1	0.0366701281067568	FALSE
3712	IVD	1	-2.40808508349809e-17	FALSE
146691	TOM1L2	1	0	FALSE
27243	CHMP2A	1	0	FALSE
2287	FKBP3	1	4.68245920498652e-18	FALSE
8125	ANP32A	1	0	FALSE
55968	NSFL1C	1	0.128967450294733	FALSE
708	C1QBP	1	-4.66975805015549e-16	FALSE
6856	SYPL1	1	0	FALSE
4666	NACA	1	-4.57879957485173e-18	FALSE
4729	NDUFV2	1	5.52426866561797e-15	FALSE
60682	SMAP1	1	3.08309865133721e-18	FALSE
11047	ADRM1	1	-0.182379884989071	FALSE
3785	KCNQ2	1	0	FALSE
11338	U2AF2	1	0	FALSE
51150	SDF4	1	0	FALSE
5688	PSMA7	1	0	FALSE
55297	CCDC91	1	6.65477275774309e-46	FALSE
9240	PNMA1	1	1.7726505479764e-15	FALSE
64743	WDR13	1	0	FALSE
9054	NFS1	1	0	FALSE
10755	GIPC1	1	0	FALSE
23544	SEZ6L	1	-0.207917157147503	FALSE
10726	NUDC	1	4.59257978696432e-15	FALSE
55831	EMC3	1	-0.0101451793026489	FALSE
4725	NDUFS5	1	0	FALSE
301	ANXA1	1	0.0862792665156005	FALSE
8634	RTCA	1	0	FALSE
55735	DNAJC11	1	0	FALSE
10529	NEBL	1	5.86215206636483e-18	FALSE
88	ACTN2	1	1.88421568210182e-18	FALSE
3093	UBE2K	1	0	FALSE
998	CDC42	1	1.39536139141886e-16	FALSE
23271	CAMSAP2	1	0	FALSE
9581	PREPL	1	8.68725853382284e-17	FALSE
5110	PCMT1	1	0	FALSE
1892	ECHS1	1	3.14841637601042e-16	FALSE
10121	ACTR1A	1	0.0575382925499889	FALSE
55004	LAMTOR1	1	0	FALSE
4062	LY6H	1	0.152533807367954	FALSE
8661	EIF3A	1	-0.181006787250527	FALSE
23197	FAF2	1	-0.0534648129638378	FALSE
26229	B3GAT3	1	0	FALSE
11346	SYNPO	1	0.0306157999453096	FALSE
343990	CRACDL	1	0	FALSE
1384	CRAT	1	6.11862569225611e-17	FALSE
23468	CBX5	1	3.58257102092021e-17	FALSE
388121	TNFAIP8L3	1	0.342286889375117	FALSE
7511	XPNPEP1	1	9.11035443500866e-07	FALSE
1329	COX5B	1	0	FALSE
55907	CMAS	1	-6.9896635983187e-18	FALSE
5781	PTPN11	1	3.72603596077486e-16	FALSE
10102	TSFM	1	0	FALSE
1000	CDH2	1	0.0730752489471923	FALSE
11335	CBX3	1	4.53013942078848e-18	FALSE
51593	SRRT	1	-1.54063844487579e-16	FALSE
11171	STRAP	1	-3.72693853635875e-17	FALSE
3295	HSD17B4	1	0	FALSE
51377	UCHL5	1	0	FALSE
4897	NRCAM	1	2.01498392480136e-14	FALSE
7919	DDX39B	1	-0.0653756198230403	FALSE
25984	KRT23	1	2.75117803578372e-18	FALSE
29078	NDUFAF4	1	0	FALSE
5710	PSMD4	1	0	FALSE
7170	TPM3	1	0.301807708949431	FALSE
57026	PDXP	1	5.17514158485479e-17	FALSE
288	ANK3	1	4.76666793698653e-16	FALSE
374887	YJEFN3	1	0	FALSE
54583	EGLN1	1	0.0877838854155808	FALSE
6159	RPL29	1	0	FALSE
11212	PLPBP	1	0	FALSE
1984	EIF5A	1	0	FALSE
283742	FAM98B	1	0	FALSE
55788	LMBRD1	1	0	FALSE
4884	NPTX1	1	0.0129529443024572	FALSE
65108	MARCKSL1	1	0	FALSE
23171	GPD1L	1	0	FALSE
54602	NDFIP2	1	0	FALSE
3300	DNAJB2	1	1.10375843756415e-18	FALSE
5837	PYGM	1	-0.0376995987847801	FALSE
127281	PRXL2B	1	0	FALSE
9097	USP14	1	0	FALSE
51400	PPME1	1	4.28239659019637e-16	FALSE
818	CAMK2G	1	-0.0446142208254743	FALSE
6633	SNRPD2	1	9.07447246160372e-18	FALSE
6421	SFPQ	1	0	FALSE
55967	NDUFA12	1	0	FALSE
5232	PGK2	1	0	FALSE
2556	GABRA3	1	-9.93689031338227e-16	FALSE
10947	AP3M2	1	-2.01476762657394e-15	FALSE
4141	MARS1	1	-3.31649964787753e-09	FALSE
9588	PRDX6	1	3.95034291784985e-15	FALSE
5905	RANGAP1	1	-1.48733223548589e-17	FALSE
6731	SRP72	1	-2.7605861431422e-16	FALSE
10327	AKR1A1	1	3.49349389776954e-17	FALSE
10480	EIF3M	1	0	FALSE
80335	WDR82	1	0	FALSE
3493	IGHA1	1	0.179095375237177	FALSE
9296	ATP6V1F	1	-3.20363303865217e-18	FALSE
116986	AGAP2	1	0	FALSE
374308	PTCHD3	1	0	FALSE
157378	TMEM65	1	1.58857640421386e-17	FALSE
3851	KRT4	1	3.50143846216126e-17	FALSE
5605	MAP2K2	1	0	FALSE
3182	HNRNPAB	1	0	FALSE
8338	H2AC20	1	0.128844425012505	FALSE
92140	MTDH	1	0	FALSE
8774	NAPG	1	3.09248780308854e-16	FALSE
8050	PDHX	1	0	FALSE
3421	IDH3G	1	0	FALSE
56851	EMC7	1	0	FALSE
7415	VCP	1	4.37217794778574e-14	FALSE
5437	POLR2H	1	0.0445547815560391	FALSE
1994	ELAVL1	1	-0.0781025415160346	FALSE
29978	UBQLN2	1	1.58124637166321e-14	FALSE
50808	AK3	1	0	FALSE
55577	NAGK	1	0	FALSE
25932	CLIC4	1	2.54155264928598e-13	FALSE
2950	GSTP1	1	6.70536416223606e-17	FALSE
5164	PDK2	1	4.30211699705597e-16	FALSE
23277	CLUH	1	1.85233671480424e-14	FALSE
3306	HSPA2	1	0	FALSE
26052	DNM3	1	-0.050230281426332	FALSE
5036	PA2G4	1	0.188752617229509	FALSE
2804	GOLGB1	1	-3.31713964323131e-14	FALSE
5595	MAPK3	1	2.85483204154289e-16	FALSE
718	C3	1	-5.33190954957874e-19	FALSE
6050	RNH1	1	-0.0308647776622889	FALSE
65009	NDRG4	1	0	FALSE
6643	SNX2	1	-1.45983351374952e-18	FALSE
3866	KRT15	1	0.102790427955563	FALSE
91663	MYADM	1	8.3771178342055e-17	FALSE
26986	PABPC1	1	0	FALSE
84263	HSDL2	1	0	FALSE
57709	SLC7A14	1	0	FALSE
9045	RPL14	1	0	FALSE
378	ARF4	1	0.0273575037202561	FALSE
55347	ABHD10	1	3.54257816920839e-19	FALSE
51493	RTCB	1	-1.33377452235782e-16	FALSE
4082	MARCKS	1	0	FALSE
5868	RAB5A	1	0	FALSE
388662	SLC6A17	1	0.0933642536611702	FALSE
54978	SLC35F6	1	0	FALSE
6904	TBCD	1	0	FALSE
1465	CSRP1	1	0	FALSE
23376	UFL1	1	0	FALSE
760	CA2	1	2.23075558983196e-17	FALSE
84303	CHCHD6	1	-1.54449865503709e-17	FALSE
1845	DUSP3	1	-4.27594781723498e-09	FALSE
10570	DPYSL4	1	1.23400346983205e-16	FALSE
56850	GRIPAP1	1	-2.07388011934087e-16	FALSE
27335	EIF3K	1	-3.50588542263647e-16	FALSE
3098	HK1	1	0	FALSE
6642	SNX1	1	0	FALSE
4857	NOVA1	1	-0.172036362530787	FALSE
653499	LGALS7B	1	0.0668086287447295	FALSE
1965	EIF2S1	1	2.67947474352962e-18	FALSE
2631	NIPSNAP2	1	9.74580508457718e-16	FALSE
22824	HSPA4L	1	0	FALSE
79135	APOO	1	0	FALSE
144501	KRT80	1	4.35630389065141e-17	FALSE
5217	PFN2	1	7.9889243282537e-18	FALSE
2810	SFN	1	0	FALSE
5138	PDE2A	1	-3.82426984289557e-16	FALSE
6520	SLC3A2	1	4.85619090477759e-17	FALSE
56681	SAR1A	1	-3.43271887724843e-18	FALSE
9522	SCAMP1	1	-4.10411089205645e-16	FALSE
81542	TMX1	1	0	FALSE
2771	GNAI2	1	4.91404691973705e-15	FALSE
5481	PPID	1	0	FALSE
347733	TUBB2B	1	-2.0889232797281e-16	FALSE
1783	DYNC1LI2	1	1.68716689983843e-18	FALSE
23321	TRIM2	1	0.0129727308165965	FALSE
5589	PRKCSH	1	1.76743374618374e-17	FALSE
121504	H4C16	1	-1.08780082113762e-16	FALSE
51079	NDUFA13	1	-2.48098482301671e-15	FALSE
5786	PTPRA	1	0.0498457813756946	FALSE
3420	IDH3B	1	0	FALSE
5447	POR	1	-3.61177281748192e-18	FALSE
164	AP1G1	1	-8.20775338083809e-19	FALSE
6278	S100A7	1	4.46323074824873e-17	FALSE
342897	NCCRP1	1	0.0303948059943981	FALSE
55210	ATAD3A	1	5.74860905464625e-14	FALSE
2224	FDPS	1	-4.16008166087149e-18	FALSE
1428	CRYM	1	0	FALSE
4720	NDUFS2	1	-2.47008214805231e-17	FALSE
81855	SFXN3	1	-0.0852187263828283	FALSE
10890	RAB10	1	-6.46120633485597e-17	FALSE
8508	NIPSNAP1	1	0	FALSE
783	CACNB2	1	0	FALSE
4701	NDUFA7	1	0	FALSE
81618	ITM2C	1	-7.13503296241515e-17	FALSE
57465	TBC1D24	1	0	FALSE
55699	IARS2	1	-1.50470134516013e-17	FALSE
8224	SYN3	1	-0.193769628488326	FALSE
6729	SRP54	1	0	FALSE
5165	PDK3	1	-4.56964818023643e-16	FALSE
253559	CADM2	1	5.1237496591303e-16	FALSE
7781	SLC30A3	1	0	FALSE
55611	OTUB1	1	-2.89481017577165e-16	FALSE
10694	CCT8	1	1.63447887801882e-18	FALSE
8665	EIF3F	1	-0.0883045300894048	FALSE
3500	IGHG1	1	0.0870595956889001	FALSE
23256	SCFD1	1	-0.113926689462082	FALSE
11127	KIF3A	1	0	FALSE
2821	GPI	1	1.44247396254701e-17	FALSE
374291	NDUFS7	1	-2.82741159029435e-17	FALSE
5339	PLEC	1	2.69065772148316e-16	FALSE
5305	PIP4K2A	1	-3.61426753756078e-20	FALSE
78997	GDAP1L1	1	0	FALSE
27089	UQCRQ	1	0	FALSE
26960	NBEA	1	-0.0410035470429794	FALSE
3954	LETM1	1	0	FALSE
5297	PI4KA	1	-4.45909657360742e-16	FALSE
112936	VPS26B	1	3.75578526235599e-17	FALSE
37	ACADVL	1	0	FALSE
114789	SLC25A25	1	-2.12303131041657e-70	FALSE
7334	UBE2N	1	0.0757677465669659	FALSE
3066	HDAC2	1	0	FALSE
116988	AGAP3	1	-4.39678899060552e-17	FALSE
103	ADAR	1	-8.50948025646054e-15	FALSE
375057	STUM	1	3.25737123470049e-16	FALSE
7001	PRDX2	1	-1.02426725763129e-16	FALSE
5909	RAP1GAP	1	2.16289954601484e-16	FALSE
161	AP2A2	1	1.14460127972643e-16	FALSE
1780	DYNC1I1	1	0	FALSE
26227	PHGDH	1	1.00440598541229e-16	FALSE
361	AQP4	1	5.11388607270548e-16	FALSE
26355	FAM162A	1	1.78862659891418e-17	FALSE
8659	ALDH4A1	1	1.48096266601967e-17	FALSE
100526837	EEF1E1-BLOC1S5	1	-4.5002494485306e-14	FALSE
57030	SLC17A7	1	-9.70290885897699e-17	FALSE
3850	KRT3	1	2.33882080266728e-15	FALSE
79861	TUBAL3	1	0	FALSE
6209	RPS15	1	0	FALSE
10521	DDX17	1	-6.8453053542713e-16	FALSE
51138	COPS4	1	-5.80215586882508e-16	FALSE
3800	KIF5C	1	0	FALSE
51024	FIS1	1	0	FALSE
682	BSG	1	0.0416644974130305	FALSE
100302736	TMED7-TICAM2	1	-0.0544303913615421	FALSE
2823	GPM6A	1	1.009029752918e-15	FALSE
55379	LRRC59	1	-0.117779703898594	FALSE
10458	BAIAP2	1	-2.3482083340826e-16	FALSE
6125	RPL5	1	0	FALSE
287	ANK2	1	0.0358631183701081	FALSE
5534	PPP3R1	1	0	FALSE
26059	ERC2	1	0.0101851496285376	FALSE
6855	SYP	1	-9.17240134394866e-18	FALSE
10128	LRPPRC	1	-1.07415288525474e-16	FALSE
10657	KHDRBS1	1	-0.0942837374986811	FALSE
547	KIF1A	1	-1.63237756507659e-17	FALSE
4033	IRAG2	1	0.153506749135293	FALSE
9792	SERTAD2	1	0	FALSE
8803	SUCLA2	1	0	FALSE
1759	DNM1	1	8.97622890256141e-16	FALSE
142	PARP1	1	-2.58392009185543e-17	FALSE
1627	DBN1	1	-4.79360790547567e-17	FALSE
4704	NDUFA9	1	0	FALSE
4711	NDUFB5	1	-2.84330029183192e-15	FALSE
7447	VSNL1	1	1.72626889339499e-15	FALSE
22872	SEC31A	1	-0.0098113810838925	FALSE
10213	PSMD14	1	-0.048115135842638	FALSE
9764	KIAA0513	1	7.16627421791189e-18	FALSE
6921	ELOC	1	0	FALSE
471	ATIC	1	0	FALSE
222068	TMED4	1	1.18834776681977e-17	FALSE
2052	EPHX1	1	-0.0330317360124212	FALSE
203068	TUBB	1	-3.0338919970535e-17	FALSE
5413	SEPTIN5	1	0	FALSE
63908	NAPB	1	-1.48397285935277e-17	FALSE
1315	COPB1	1	0	FALSE
1314	COPA	1	-0.0659727303083249	FALSE
2058	EPRS1	1	0	FALSE
226	ALDOA	1	0	FALSE
3514	IGKC	1	1.32899867488753e-16	FALSE
10693	CCT6B	1	0	FALSE
3008	H1-4	1	0	FALSE
2319	FLOT2	1	0	FALSE
539	ATP5PO	1	-0.111024440261224	FALSE
51606	ATP6V1H	1	-0.0259071289202785	FALSE
2760	GM2A	1	-4.67505464895267e-17	FALSE
50	ACO2	1	-6.00050437614241e-17	FALSE
3927	LASP1	1	1.41222585062524e-16	FALSE
4967	OGDH	1	1.32827778976978e-17	FALSE
2271	FH	1	0.0603881218821858	FALSE
2170	FABP3	1	0.10849357771082	FALSE
819	CAMLG	1	0	FALSE
7143	TNR	1	5.07460285826039e-16	FALSE
5226	PGD	1	-3.73254381790678e-16	FALSE
10574	CCT7	1	0	FALSE
94097	SFXN5	1	-6.48952148834012e-18	FALSE
6318	SERPINB4	1	4.13560308433503e-17	FALSE
8506	CNTNAP1	1	0	FALSE
10952	SEC61B	1	-0.796207387465067	FALSE
5499	PPP1CA	1	0	FALSE
10857	PGRMC1	1	5.70169765087842e-16	FALSE
9131	AIFM1	1	0	FALSE
2495	FTH1	1	0	FALSE
1327	COX4I1	1	0	FALSE
230	ALDOC	1	1.93865472965227e-16	FALSE
7284	TUFM	1	-0.0430477829604768	FALSE
55754	TMEM30A	1	2.19427615392699e-16	FALSE
4841	NONO	1	-0.081860284331077	FALSE
4637	MYL6	1	0.0294136660902354	FALSE
3313	HSPA9	1	0	FALSE
5604	MAP2K1	1	0	FALSE
2824	GPM6B	1	-1.41592391363008e-14	FALSE
51573	GDE1	1	0	FALSE
3728	JUP	1	0	FALSE
64122	FN3K	1	1.2518926942503e-18	FALSE
55234	SMU1	1	0	FALSE
5144	PDE4D	1	-8.66244486190454e-18	FALSE
9796	PHYHIP	1	0	FALSE
2987	GUK1	1	3.73382415324542e-16	FALSE
10682	EBP	1	0	FALSE
6293	VPS52	1	-0.066446713115271	FALSE
7879	RAB7A	1	3.66323342878348e-17	FALSE
81876	RAB1B	1	0	FALSE
22827	PUF60	1	5.02588547887629e-17	FALSE
11332	ACOT7	1	0	FALSE
4709	NDUFB3	1	0.0381889035001403	FALSE
284110	GSDMA	1	-6.10303077471864e-17	FALSE
1267	CNP	1	-0.0512547146833943	FALSE
4135	MAP6	1	5.06995198744119e-17	FALSE
8514	KCNAB2	1	4.41210278804657e-16	FALSE
3945	LDHB	1	1.4672883150779e-16	FALSE
5700	PSMC1	1	-9.48131853831789e-17	FALSE
5306	PITPNA	1	1.15478575211952e-18	FALSE
5160	PDHA1	1	-1.72905058933321e-17	FALSE
10097	ACTR2	1	-0.0679952616430105	FALSE
6620	SNCB	1	5.10748650205351e-19	FALSE
6141	RPL18	1	0	FALSE
823	CAPN1	1	7.6131954718795e-18	FALSE
79012	CAMKV	1	-7.61184996561258e-14	FALSE
1832	DSP	1	0.0261763913801896	FALSE
51144	HSD17B12	1	-9.07742425868259e-17	FALSE
5063	PAK3	1	1.60471284869224e-17	FALSE
51382	ATP6V1D	1	0	FALSE
3326	HSP90AB1	1	-1.4648710509117e-15	FALSE
7384	UQCRC1	1	9.39386510071334e-18	FALSE
8671	SLC4A4	1	0	FALSE
2173	FABP7	1	-1.04168786567895e-16	FALSE
2036	EPB41L1	1	0	FALSE
1915	EEF1A1	1	0	FALSE
1537	CYC1	1	-8.91393302945632e-17	FALSE
2783	GNB2	1	0	FALSE
10575	CCT4	1	0	FALSE
6812	STXBP1	1	3.04999561381269e-17	FALSE
5317	PKP1	1	0	FALSE
84823	LMNB2	1	1.31030714751825e-16	FALSE
4513	MT-CO2	1	0	FALSE
1509	CTSD	1	-0.0211452858484758	FALSE
8239	USP9X	1	4.04374349877673e-16	FALSE
5216	PFN1	1	0	FALSE
7386	UQCRFS1	1	0	FALSE
3329	HSPD1	1	3.20510903763564e-16	FALSE
27316	RBMX	1	0	FALSE
25796	PGLS	1	7.19764691148701e-18	FALSE
4700	NDUFA6	1	0	FALSE
29993	PACSIN1	1	-6.17968004181881e-17	FALSE
535	ATP6V0A1	1	-6.47134274857141e-17	FALSE
7345	UCHL1	1	-1.15693037158897e-15	FALSE
528	ATP6V1C1	1	-7.89306851372153e-16	FALSE
392	ARHGAP1	1	7.01554086740014e-16	FALSE
112476	PRRT2	1	0.045103431830565	FALSE
5524	PTPA	1	0	FALSE
6506	SLC1A2	1	-1.31651890312438e-16	FALSE
5214	PFKP	1	-3.60896115038762e-16	FALSE
57805	CCAR2	1	-2.74917313361211e-17	FALSE
51097	SCCPDH	1	-0.0703745350745008	FALSE
80777	CYB5B	1	2.77222602901298e-17	FALSE
7360	UGP2	1	-4.64462692367225e-19	FALSE
5582	PRKCG	1	-0.01507496050742	FALSE
4893	NRAS	1	0.09116942285007	FALSE
163	AP2B1	1	-1.72772021558316e-15	FALSE
60	ACTB	1	-8.55556844046561e-17	FALSE
57406	ABHD6	1	-9.95876866894102e-16	FALSE
2288	FKBP4	1	0	FALSE
523	ATP6V1A	1	1.50926883481924e-17	FALSE
9218	VAPA	1	-6.90624354920648e-17	FALSE
4069	LYZ	1	-1.94497288380659e-16	FALSE
4514	MT-CO3	1	0	FALSE
70	ACTC1	1	5.27708743570106e-17	FALSE
10079	ATP9A	1	-1.14683530011916e-16	FALSE
224	ALDH3A2	1	-0.0997555540383182	FALSE
801	CALM1	1	0	FALSE
2043	EPHA4	1	-2.98265806560557e-17	FALSE
6279	S100A8	1	0.0514896680769263	FALSE
302	ANXA2	1	8.64762148099538e-16	FALSE
4716	NDUFB10	1	-7.6147455731082e-09	FALSE
10313	RTN3	1	5.47246087069704e-17	FALSE
5095	PCCA	1	0	FALSE
3309	HSPA5	1	-0.0330154183511294	FALSE
2597	GAPDH	1	0.0541804875343624	FALSE
6711	SPTBN1	1	1.78947280801649e-15	FALSE
274	BIN1	1	1.24809028370249e-17	FALSE
9892	SNAP91	1	-3.66232208315211e-17	FALSE
3939	LDHA	1	2.09110416794666e-16	FALSE
1431	CS	1	-1.72397044610097e-16	FALSE
1457	CSNK2A1	1	-1.88144945498134e-15	FALSE
439	GET3	1	-1.98662548930791e-17	FALSE
6857	SYT1	1	1.88200960256195e-16	FALSE
6709	SPTAN1	1	0	FALSE
506	ATP5F1B	1	0	FALSE
117159	DCD	1	2.70181167610517e-18	FALSE
9520	NPEPPS	1	-0.046110095501892	FALSE
6648	SOD2	1	3.39972707687127e-17	FALSE
1823	DSC1	1	1.93361216007256e-17	FALSE
221692	PHACTR1	1	0	FALSE
3035	HARS1	1	0	FALSE
84557	MAP1LC3A	1	8.52106748106662e-15	FALSE
1175	AP2S1	1	0	FALSE
10479	SLC9A6	1	0	FALSE
6252	RTN1	1	-1.22538645281719e-16	FALSE
1727	CYB5R3	1	-0.024860607494499	FALSE
515	ATP5PB	1	-1.74137841542743e-14	FALSE
9362	CPNE6	1	0	FALSE
7053	TGM3	1	0.125669306657805	FALSE
5500	PPP1CB	1	0	FALSE
23349	PHF24	1	0	FALSE
1155	TBCB	1	0.0705791385195808	FALSE
9920	KBTBD11	1	-0.00330050623783132	FALSE
5211	PFKL	1	-1.47304613006455e-16	FALSE
6389	SDHA	1	-1.39724524874365e-16	FALSE
11034	DSTN	1	-1.15412523593698e-13	FALSE
11331	PHB2	1	0	FALSE
51706	CYB5R1	1	0	FALSE
27183	VPS4A	1	0.0156265190230733	FALSE
112755	STX1B	1	2.10864851297211e-17	FALSE
2782	GNB1	1	-1.32474852698076e-15	FALSE
10294	DNAJA2	1	-2.65692314766737e-16	FALSE
10383	TUBB4B	1	0	FALSE
118	ADD1	1	0	FALSE
4000	LMNA	1	0	FALSE
6457	SH3GL3	1	0	FALSE
6576	SLC25A1	1	-6.52266825655442e-20	FALSE
10006	ABI1	1	-2.09241704492185e-17	FALSE
23011	RAB21	1	0	FALSE
481	ATP1B1	1	-1.87539504286525e-16	FALSE
92255	LMBRD2	1	0.0309022627922335	FALSE
781	CACNA2D1	1	3.057890026911e-16	FALSE
1463	NCAN	1	0	FALSE
55847	CISD1	1	-1.6851133442702e-18	FALSE
10959	TMED2	1	-1.96032498742799e-17	FALSE
80700	UBXN6	1	3.80738981557595e-16	FALSE
1828	DSG1	1	0	FALSE
7280	TUBB2A	1	-1.668978150249e-14	FALSE
51762	RAB8B	1	-6.2317673656033e-18	FALSE
381	ARF5	1	0	FALSE
5245	PHB1	1	-1.51338192883095e-17	FALSE
622	BDH1	1	2.07802538298514e-17	FALSE
5091	PC	1	-0.0351800708928094	FALSE
51286	CEND1	1	7.20656036256099e-17	FALSE
27339	PRPF19	1	-3.26659119149346e-12	FALSE
509	ATP5F1C	1	-9.35298734611354e-17	FALSE
989	SEPTIN7	1	8.04778231809797e-17	FALSE
498	ATP5F1A	1	-0.121902369281707	FALSE
126298	IRGQ	1	0	FALSE
847	CAT	1	3.41714891100855e-16	FALSE
57447	NDRG2	1	0	FALSE
3796	KIF2A	1	0	FALSE
3185	HNRNPF	1	-0.0943792504595528	FALSE
140679	SLC32A1	1	0	FALSE
4191	MDH2	1	-3.79521028058814e-15	FALSE
71	ACTG1	1	0	FALSE
1737	DLAT	1	-3.01025058297582e-16	FALSE
4190	MDH1	1	-7.27283742370855e-17	FALSE
7277	TUBA4A	1	0	FALSE
3848	KRT1	1	5.91074755750211e-16	FALSE
23732	FRRS1L	1	-0.0110040102293171	FALSE
3852	KRT5	1	0.0455448205447513	FALSE
134957	STXBP5	1	0	FALSE
3849	KRT2	1	1.54081784494383e-15	FALSE
23780	APOL2	1	1.48688704868641e-17	FALSE
4710	NDUFB4	1	-2.0596811359089e-07	FALSE
7385	UQCRC2	1	0	FALSE
7846	TUBA1A	1	-0.0165008038374367	FALSE
85236	H2BC12	1	-2.62154992372888e-18	FALSE
374454	KRT77	1	3.63164154395264e-16	FALSE
93185	IGSF8	1	0.0641044851454373	FALSE
11021	RAB35	1	-1.05358651013017e-16	FALSE
30968	STOML2	1	-2.16200205839642e-17	FALSE
3854	KRT6B	1	3.64475513717296e-16	FALSE
5010	CLDN11	1	0	FALSE
51128	SAR1B	1	-0.0474562583883388	FALSE
3857	KRT9	1	-4.60810552008933e-17	FALSE
3998	LMAN1	1	-0.131345222273742	FALSE
950	SCARB2	1	-0.0301009087807875	FALSE
3858	KRT10	1	1.54904919589028e-14	FALSE
3868	KRT16	1	2.16834727967458e-15	FALSE
3045	HBD	1	0.099201588141163	FALSE
79751	SLC25A22	1	-9.48771017893231e-16	FALSE
478	ATP1A3	1	-0.151099029846883	FALSE
213	ALB	1	0.0832943188277781	FALSE
2805	GOT1	1	0	FALSE
4673	NAP1L1	1	0	FALSE
3043	HBB	1	1.3485417224111e-16	FALSE
10134	BCAP31	1	-3.18864576920037e-17	FALSE
8078	USP5	1	-2.33345908069566e-16	FALSE
116835	HSPA12B	1	0.386475614452963	FALSE
89777	SERPINB12	1	0	FALSE
127018	LYPLAL1	1	0	FALSE
5052	PRDX1	1	0.0763514457434116	FALSE
5878	RAB5C	1	-7.56823298248279e-18	FALSE
79983	POF1B	1	0	FALSE
2806	GOT2	1	-0.0945529455667144	FALSE
22902	RUFY3	1	0	FALSE
23114	NFASC	1	0.04166164125394	FALSE
983	CDK1	1	8.86887546690387e-22	FALSE
5250	SLC25A3	1	-0.0865913784156189	FALSE
100129520	TEX13C	1	0	FALSE
975	CD81	1	0.116255329196633	FALSE
4705	NDUFA10	1	-2.4263284298722e-14	FALSE
5803	PTPRZ1	1	4.11835236622772e-18	FALSE
2108	ETFA	1	0	FALSE
3861	KRT14	1	2.30853875085517e-15	FALSE
9361	LONP1	1	-5.00943929031005e-16	FALSE
80017	DGLUCY	1	-8.05771194101972e-16	FALSE
7087	ICAM5	1	-0.0826734552196745	FALSE
4134	MAP4	1	0	FALSE
10989	IMMT	1	-0.0354803029459242	FALSE
3183	HNRNPC	1	-3.12506217723686e-05	FALSE
4715	NDUFB9	1	-2.18463018397004e-11	FALSE
84687	PPP1R9B	1	-3.40939626330835e-18	FALSE
16	AARS1	1	-1.42348673323449e-16	FALSE
51449	PCYOX1	1	1.14410596507551e-17	FALSE
9852	EPM2AIP1	1	0	FALSE
127829	ARL8A	1	-6.80218296291381e-16	FALSE
8087	FXR1	1	-0.0198810193813945	FALSE
168451	THAP5	1	0	FALSE
5037	PEBP1	1	0	FALSE
3163	HMOX2	1	0	FALSE
10096	ACTR3	1	0	FALSE
87	ACTN1	1	-2.05542855344984e-15	FALSE
81	ACTN4	1	0	FALSE
3872	KRT17	1	-6.18592382514849e-16	FALSE
8450	CUL4B	1	0	FALSE
2969	GTF2I	1	-1.93079583700549e-18	FALSE
388697	HRNR	1	-1.41224448626357e-15	FALSE
4259	MGST3	1	0	FALSE
9568	GABBR2	1	-1.06824145262491e-17	FALSE
9861	PSMD6	1	-3.52096585886564e-16	FALSE
140807	KRT72	1	0	FALSE
7416	VDAC1	1	-0.0226689772169082	FALSE
5602	MAPK10	1	-1.03535245801402e-18	FALSE
9375	TM9SF2	1	-1.56416206672677e-17	FALSE
6647	SOD1	1	4.11953761189971e-16	FALSE
440574	MICOS10	1	-1.06229117776658e-12	FALSE
57118	CAMK1D	1	3.65167912787016e-17	FALSE
3840	KPNA4	1	-1.76702493863631e-17	FALSE
5577	PRKAR2B	1	-0.0224133144695834	FALSE
79641	ROGDI	1	-2.65123350004299e-17	FALSE
2185	PTK2B	1	0	FALSE
10873	ME3	1	-3.43515493519616e-16	FALSE
5304	PIP	1	5.73544786125519e-16	FALSE
114569	MAL2	1	0.0121565938186211	FALSE
6733	SRPK2	1	0.0392231485264404	FALSE
23788	MTCH2	1	-1.51770507728683e-16	FALSE
23581	CASP14	1	0.0789451469901434	FALSE
548596	CKMT1A	1	0	FALSE
388698	FLG2	1	2.37757925708947e-15	FALSE
3853	KRT6A	1	1.59779652067321e-17	FALSE
5692	PSMB4	1	0	FALSE
83693	HSDL1	1	0.236494960357118	FALSE
196374	KRT78	1	0	FALSE
55737	VPS35	1	0	FALSE
9143	SYNGR3	1	-2.71167265339087e-17	FALSE
9987	HNRNPDL	1	-6.50191324416937e-18	FALSE
56993	TOMM22	1	-5.11671829042493e-15	FALSE
23065	EMC1	1	-4.53182248414382e-14	FALSE
9900	SV2A	1	0	FALSE
27020	NPTN	1	6.33905819258655e-17	FALSE
54331	GNG2	1	0.0802441781757265	FALSE
56267	KYAT3	1	7.20099748412539e-14	FALSE
192683	SCAMP5	1	-0.147796711565908	FALSE
10814	CPLX2	1	0.361016244034715	FALSE
8437	RASAL1	1	-0.0244540216106994	FALSE
8565	YARS1	1	-1.7382926751379e-13	FALSE
5621	PRNP	1	0	FALSE
217	ALDH2	1	1.51442996181718e-15	FALSE
115827	RAB3C	1	-2.41884760981086e-18	FALSE
5566	PRKACA	1	-0.225139577391316	FALSE
8533	COPS3	1	0	FALSE
2902	GRIN1	1	0	FALSE
64755	RUSF1	1	-0.0152107759871067	FALSE
10965	ACOT2	1	0	FALSE
57727	NCOA5	1	-0.152725706474833	FALSE
64121	RRAGC	1	-2.63969578925705e-19	FALSE
1804	DPP6	1	0	FALSE
4329	ALDH6A1	1	7.17129422791759e-18	FALSE
1496	CTNNA2	1	0	FALSE
347088	ADGRD2	1	0	FALSE
3839	KPNA3	1	-5.39446153491366e-17	FALSE
100129271	KPLCE	1	0	FALSE
10810	WASF3	1	0	FALSE
5532	PPP3CB	1	-0.110374901876908	FALSE
1743	DLST	1	0	FALSE
6139	RPL17	1	-0.00475707927722642	FALSE
387104	MTCL3	1	0	FALSE
23122	CLASP2	1	0	FALSE
7514	XPO1	1	0	FALSE
10550	ARL6IP5	1	-2.92137162338029e-17	FALSE
55074	OXR1	1	0	FALSE
6146	RPL22	1	-0.0843642335989779	FALSE
54539	NDUFB11	1	0	FALSE
10424	PGRMC2	1	-4.17296414588945e-17	FALSE
2767	GNA11	1	-0.0881489994434694	FALSE
22949	PTGR1	1	0	FALSE
1159	CKMT1B	1	-6.40716872024134e-17	FALSE
47	ACLY	1	-0.0615711599627482	FALSE
493	ATP2B4	1	0	FALSE
2764	GMFB	1	6.31024506982493e-15	FALSE
4702	NDUFA8	1	0.0470600726591864	FALSE
57414	RHBDD2	1	-0.28788161966817	FALSE
55229	PANK4	1	-1.62094963778668e-17	FALSE
79605	PGBD5	1	0	FALSE
10135	NAMPT	1	0	FALSE
563	AZGP1	1	0.162936415366561	FALSE
10476	ATP5PD	1	-6.30294657449369e-06	FALSE
5690	PSMB2	1	0	FALSE
56894	AGPAT3	1	0	FALSE
1603	DAD1	1	-2.75227699052974e-17	FALSE
196385	DNAH10	1	0	FALSE
10142	AKAP9	1	-2.55989907852844e-20	FALSE
2781	GNAZ	1	-6.78035860027271e-16	FALSE
6317	SERPINB3	1	1.32426242144722e-18	FALSE
2312	FLG	1	0	FALSE
1475	CSTA	1	2.49782333676264e-17	FALSE
9201	DCLK1	1	-0.0249837579293271	FALSE
527	ATP6V0C	1	0	FALSE
7095	SEC62	1	-4.3781820383804e-17	FALSE
11230	PRAF2	1	-0.075465012108225	FALSE
51727	CMPK1	1	0	FALSE
4128	MAOA	1	2.70689095961221e-18	FALSE
6623	SNCG	1	-0.106578513856924	FALSE
8927	BSN	1	0	FALSE
100526740	ATP5MF-PTCD1	1	-3.38916851108865e-17	FALSE
23633	KPNA6	1	-0.0346580875728427	FALSE
6223	RPS19	1	0	FALSE
2778	GNAS	1	0	FALSE
54927	CHCHD3	1	-0.000956011852017174	FALSE
23646	PLD3	1	1.43452451818784e-17	FALSE
382	ARF6	1	-3.07604559554309e-17	FALSE
7323	UBE2D3	1	0	FALSE
9793	CKAP5	1	-0.0657839964667674	FALSE
5136	PDE1A	1	-2.26747666086573e-15	FALSE
1347	COX7A2	1	4.03839713120182e-18	FALSE
3836	KPNA1	1	0	FALSE
9342	SNAP29	1	1.03089582358333e-18	FALSE
10651	MTX2	1	0	FALSE
9698	PUM1	1	-0.105889788476256	FALSE
30844	EHD4	1	0	FALSE
7102	TSPAN7	1	0.153386573562501	FALSE
1041	CDSN	1	3.8525560267592e-16	FALSE
4340	MOG	1	-3.62127295538213e-16	FALSE
5097	PCDH1	1	-3.51270108596932e-17	FALSE
6472	SHMT2	1	-0.0217357280018013	FALSE
4830	NME1	1	0	FALSE
286097	MICU3	1	1.88025242863865e-17	FALSE
2194	FASN	1	-0.015412514351485	FALSE
5861	RAB1A	1	2.60408466643385e-18	FALSE
254263	CNIH2	1	0	FALSE
148252	DIRAS1	1	0	FALSE
6390	SDHB	1	0	FALSE
4723	NDUFV1	1	0	FALSE
10015	PDCD6IP	1	-4.26151344002618e-16	FALSE
79187	FSD1	1	0	FALSE
38	ACAT1	1	0	FALSE
4728	NDUFS8	1	-2.29742978926204e-17	FALSE
5315	PKM	1	-5.598742268504e-16	FALSE
10067	SCAMP3	1	-1.82695000003637e-16	FALSE
51726	DNAJB11	1	-2.38763226953897e-16	FALSE
7295	TXN	1	0	FALSE
6134	RPL10	1	-7.64882700850324e-13	FALSE
4714	NDUFB8	1	3.23621670115738e-17	FALSE
10879	SMR3B	1	0	FALSE
23236	PLCB1	1	-4.05195791333034e-16	FALSE
814	CAMK4	1	0	FALSE
22911	WDR47	1	-0.0712519031609008	FALSE
1460	CSNK2B	1	1.50178277024126e-14	FALSE
23139	MAST2	1	0	FALSE
9378	NRXN1	1	0	FALSE
11100	HNRNPUL1	1	-0.00416665711096964	FALSE
10768	AHCYL1	1	-0.0308059251813746	FALSE
285282	RABL3	1	-3.6036048333744e-16	FALSE
1108	CHD4	1	-5.09961152802702e-15	FALSE
23760	PITPNB	1	0	FALSE
10681	GNB5	1	5.70268626458853e-16	FALSE
9775	EIF4A3	1	0	FALSE
5610	EIF2AK2	1	0	FALSE
2583	B4GALNT1	1	0	FALSE
4001	LMNB1	1	0	FALSE
4512	MT-CO1	1	0	FALSE
2171	FABP5	1	0	FALSE
3933	LCN1	1	7.20923943267239e-17	FALSE
27069	GHITM	1	0	FALSE
521	ATP5ME	1	0	FALSE
1973	EIF4A1	1	-3.15040955531178e-17	FALSE
10159	ATP6AP2	1	8.58559783853533e-18	FALSE
928	CD9	1	0	FALSE
10409	BASP1	1	-3.92280333794896e-16	FALSE
11231	SEC63	1	0	FALSE
22931	RAB18	1	-0.0160060547646973	FALSE
7073	TIAL1	1	0	FALSE
6509	SLC1A4	1	0	FALSE
57468	SLC12A5	1	-0.0651811145861653	FALSE
23039	XPO7	1	-2.23032973283281e-16	FALSE
8106	PABPN1	1	0	FALSE
9777	TM9SF4	1	0.0359828168640095	FALSE
90550	MCU	1	-0.29856263668571	FALSE
7163	TPD52	1	0.123470847438857	FALSE
55236	UBA6	1	-2.5431847911937e-15	FALSE
4697	NDUFA4	1	-0.142156310865143	FALSE
2892	GRIA3	1	0	FALSE
25769	SLC24A2	1	0	FALSE
10564	ARFGEF2	1	0	FALSE
51663	ZFR	1	-2.4195754833699e-18	FALSE
51100	SH3GLB1	1	0	FALSE
11140	CDC37	1	3.39647054885129e-17	FALSE
51090	PLLP	1	0	FALSE
54521	WDR44	1	0	FALSE
10269	ZMPSTE24	1	0	FALSE
23367	LARP1	1	-0.025816513188865	FALSE
29	ABR	1	0	FALSE
156	GRK2	1	0	FALSE
55763	EXOC1	1	0	FALSE
8541	PPFIA3	1	0	FALSE
2932	GSK3B	1	0	FALSE
10469	TIMM44	1	-4.16593213503728e-17	FALSE
7917	BAG6	1	0	FALSE
2475	MTOR	1	0	FALSE
2904	GRIN2B	1	-0.0807861346136991	FALSE
7347	UCHL3	1	0	FALSE
79073	TMEM109	1	0	FALSE
84833	ATP5MK	1	0	FALSE
10075	HUWE1	1	0	FALSE
7247	TSN	1	0	FALSE
125988	MICOS13	1	1.57130078574107e-15	FALSE
4540	MT-ND5	1	0	FALSE
30000	TNPO2	1	0	FALSE
10423	CDIPT	1	0	FALSE
54928	BPNT2	1	-2.99034604736839e-17	FALSE
2110	ETFDH	1	1.17266777427699e-16	FALSE
5058	PAK1	1	-2.81527104989951e-16	FALSE
728378	POTEF	1	-9.66171340600066e-18	FALSE
10938	EHD1	1	0.0707223432884969	FALSE
22843	PPM1E	1	0	FALSE
84617	TUBB6	1	0	FALSE
26100	WIPI2	1	7.59198472507643e-17	FALSE
5694	PSMB6	1	5.61059236841015e-18	FALSE
9890	PLPPR4	1	0	FALSE
8907	AP1M1	1	-6.78228992513552e-17	FALSE
1767	DNAH5	1	0	FALSE
2561	GABRB2	1	0	FALSE
23392	ECPAS	1	-0.0459057355180488	FALSE
134829	CLVS2	1	-4.6957132005806e-17	FALSE
3880	KRT19	1	0	FALSE
23052	ENDOD1	1	0.0217708412868702	FALSE
460	ASTN1	1	0	FALSE
28964	GIT1	1	0	FALSE
25814	ATXN10	1	1.88958135599359e-18	FALSE
8825	LIN7A	1	1.57055629188926e-15	FALSE
286205	SCAI	1	0	FALSE
3301	DNAJA1	1	-9.85027298582486e-17	FALSE
23386	NUDCD3	1	0	FALSE
8452	CUL3	1	1.10290418654462e-16	FALSE
51218	GLRX5	1	0.0300994058807202	FALSE
51806	CALML5	1	0	FALSE
4718	NDUFC2	1	0	FALSE
1362	CPD	1	0	FALSE
11315	PARK7	1	0	FALSE
23096	IQSEC2	1	0	FALSE
23499	MACF1	1	-2.57973995228789e-16	FALSE
58477	SRPRB	1	0	FALSE
6416	MAP2K4	1	-1.42442210923594e-16	FALSE
6847	SYCP1	1	0	FALSE
5859	QARS1	1	-1.89095435224192e-40	FALSE
84446	BRSK1	1	-0.025921071348683	FALSE
10497	UNC13B	1	0	FALSE
57554	LRRC7	1	0	FALSE
55288	RHOT1	1	-0.120240285008219	FALSE
5318	PKP2	1	-0.071658024966058	FALSE
51441	YTHDF2	1	-3.45721547969431e-16	FALSE
57583	TMEM181	1	-3.30075826133842e-19	FALSE
8567	MADD	1	1.32693851307242e-18	FALSE
27445	PCLO	1	3.28834518209507e-18	FALSE
100529144	CORO7-PAM16	1	-1.65234890970102e-17	FALSE
327	APEH	1	0	FALSE
25852	ARMC8	1	0	FALSE
10381	TUBB3	1	0	FALSE
8815	BANF1	1	0	FALSE
9912	ARHGAP44	1	-3.35007851833138e-17	FALSE
1741	DLG3	1	0	FALSE
2550	GABBR1	1	-9.17604321182927e-18	FALSE
440	ASNS	1	0	FALSE
54888	NSUN2	1	-8.3787023071935e-16	FALSE
7257	TSNAX	1	-3.38389234593828e-18	FALSE
63893	UBE2O	1	0	FALSE
23080	AVL9	1	0.0697299989758576	FALSE
25940	FAM98A	1	-0.124108585684558	FALSE
57410	SCYL1	1	2.78226125961386e-17	FALSE
9578	CDC42BPB	1	0	FALSE
388	RHOB	1	0	FALSE
8243	SMC1A	1	7.07848581929663e-16	FALSE
6311	ATXN2	1	0	FALSE
8991	SELENBP1	1	0	FALSE
84457	PHYHIPL	1	0	FALSE
57017	COQ9	1	0	FALSE
9927	MFN2	1	0	FALSE
3881	KRT31	1	0	FALSE
23541	SEC14L2	1	0.216474339429416	FALSE
51631	LUC7L2	1	0	FALSE
56259	CTNNBL1	1	-1.17623309246157e-18	FALSE
64062	RBM26	1	0	FALSE
3689	ITGB2	1	0	FALSE
26156	RSL1D1	1	0	FALSE
8027	STAM	1	-1.55700658238999e-17	FALSE
27034	ACAD8	1	0	FALSE
6406	SEMG1	1	0	FALSE
100137049	PLA2G4B	1	0	FALSE
55275	VPS53	1	0	FALSE
1397	CRIP2	1	0	FALSE
23543	RBFOX2	1	0	FALSE
1282	COL4A1	1	0	FALSE
7112	TMPO	1	0	FALSE
10980	COPS6	1	0	FALSE
11052	CPSF6	1	0	FALSE
1106	CHD2	1	0	FALSE
2017	CTTN	1	0	FALSE
387	RHOA	1	0	FALSE
8668	EIF3I	1	0.175474153433926	FALSE
57019	CIAPIN1	1	-3.90092679123182e-18	FALSE
91683	SYT12	1	1.04809544077167e-15	FALSE
5554	PRH1	1	0	FALSE
493856	CISD2	1	0	FALSE
8836	GGH	1	0	FALSE
8761	PABPC4	1	0	FALSE
79902	NUP85	1	-0.0794853403027034	FALSE
1511	CTSG	1	0	FALSE
84321	THOC3	1	0	FALSE
4726	NDUFS6	1	0.0181998234519788	FALSE
254531	LPCAT4	1	0	FALSE
100526783	ARPIN-AP3S2	1	0	FALSE
93380	MMGT1	1	-0.0890114711096433	FALSE
6728	SRP19	1	0	FALSE
5100	PCDH8	1	0	FALSE
5923	RASGRF1	1	0	FALSE
57120	GOPC	1	0	FALSE
283987	HID1	1	-0.0591175092862002	FALSE
66005	CHID1	1	0	FALSE
221061	FAM171A1	1	0.170792866403485	FALSE
2944	GSTM1	1	0	FALSE
6341	SCO1	1	0	FALSE
51652	CHMP3	1	0	FALSE
54882	ANKHD1	1	0	FALSE
54438	GFOD1	1	0	FALSE
9672	SDC3	1	0	FALSE
56097	PCDHGC5	1	6.06738843520796e-15	FALSE
84966	IGSF21	1	0	FALSE
5716	PSMD10	1	0.338790022741986	FALSE
54938	SARS2	1	-9.61729559320938e-13	FALSE
2879	GPX4	1	0	FALSE
26275	HIBCH	1	0	FALSE
10840	ALDH1L1	1	2.6406932870256e-16	FALSE
347688	TUBB8	1	0	FALSE
55845	BRK1	1	0	FALSE
1398	CRK	1	1.39529069899299e-17	FALSE
23	ABCF1	1	0	FALSE
10531	PITRM1	1	0	FALSE
7249	TSC2	1	0	FALSE
6651	SON	1	0	FALSE
1474	CST6	1	0	FALSE
23560	GTPBP4	1	0	FALSE
23191	CYFIP1	1	0	FALSE
53938	PPIL3	1	0	FALSE
94005	PIGS	1	0	FALSE
5411	PNN	1	0	FALSE
54557	SGTB	1	0.0837298483816155	FALSE
8890	EIF2B4	1	-0.0930893213448973	FALSE
93624	TADA2B	1	0	FALSE
8828	NRP2	1	0	FALSE
1472	CST4	1	0	FALSE
10043	TOM1	1	-5.33022014197459e-14	FALSE
4246	SCGB2A1	1	0	FALSE
23066	CAND2	1	0	FALSE
4358	MPV17	1	0	FALSE
6782	HSPA13	1	0	FALSE
6772	STAT1	1	1.47942253238816e-15	FALSE
57153	SLC44A2	1	2.28013951514813e-18	FALSE
7165	TPD52L2	1	-4.26041536696017e-15	FALSE
80273	GRPEL1	1	0	FALSE
2098	ESD	1	0	FALSE
140735	DYNLL2	1	0	FALSE
8804	CREG1	1	0	FALSE
9819	TSC22D2	1	0	FALSE
2909	ARHGAP35	1	-5.89133900113825e-21	FALSE
373156	GSTK1	1	0	FALSE
9183	ZW10	1	0	FALSE
60559	SPCS3	1	0	FALSE
1487	CTBP1	1	4.98489734978584e-17	FALSE
78991	PCYOX1L	1	-4.89633004014848e-20	FALSE
9859	CEP170	1	0	FALSE
284361	EMC10	1	0	FALSE
9590	AKAP12	1	0	FALSE
9748	SLK	1	-2.13349415316677e-47	FALSE
23558	WBP2	1	0	FALSE
10204	NUTF2	1	-0.11355384272863	FALSE
5860	QDPR	1	0	FALSE
1809	DPYSL3	1	0	FALSE
7965	AIMP2	1	0	FALSE
8674	VAMP4	1	-0.135489991211947	FALSE
55521	TRIM36	1	0	FALSE
326625	MMAB	1	0	FALSE
9119	KRT75	1	0	FALSE
260425	MAGI3	1	0	FALSE
83955	NACA4P	1	0	FALSE
7321	UBE2D1	1	-0.0605309599216275	FALSE
3685	ITGAV	1	0	FALSE
9647	PPM1F	1	0	FALSE
147699	PPM1N	1	0	FALSE
84193	SETD3	1	0.0478641908977872	FALSE
93377	OPALIN	1	0	FALSE
4712	NDUFB6	1	0	FALSE
440686	H3-7	1	0	FALSE
9446	GSTO1	1	0.012981925432253	FALSE
673	BRAF	1	0	FALSE
79837	PIP4K2C	1	0	FALSE
79159	NOL12	1	0	FALSE
3845	KRAS	1	0	FALSE
2802	GOLGA3	1	0	FALSE
11122	PTPRT	1	0	FALSE
401548	SNX30	1	0	FALSE
613	BCR	1	0	FALSE
23406	COTL1	1	0.0548717998713065	FALSE
10920	COPS8	1	-3.18940984836393e-11	FALSE
6601	SMARCC2	1	0	FALSE
81533	ITFG1	1	1.10056775341821e-16	FALSE
56947	MFF	1	1.52953880477528e-16	FALSE
345630	FBLL1	1	0	FALSE
8539	API5	1	0	FALSE
127262	TPRG1L	1	0.0843851739308877	FALSE
8613	PLPP3	1	0.106611444615097	FALSE
80055	PGAP1	1	-0.243469595016476	FALSE
124220	ZG16B	1	0	FALSE
3512	JCHAIN	1	-3.87300354111752e-17	FALSE
79180	EFHD2	1	0	FALSE
5711	PSMD5	1	0	FALSE
8666	EIF3G	1	-4.94140272969284e-19	FALSE
80124	VCPIP1	1	0	FALSE
65008	MRPL1	1	-0.130966670655718	FALSE
6640	SNTA1	1	0	FALSE
23450	SF3B3	1	0	FALSE
146223	CMTM4	1	0	FALSE
3105	HLA-A	1	0	FALSE
2558	GABRA5	1	0	FALSE
2230	FDX1	1	0.121887404966267	FALSE
2107	ETF1	1	-0.253375556822418	FALSE
114928	GPRASP2	1	0	FALSE
26060	APPL1	1	-3.09694280842736e-17	FALSE
10243	GPHN	1	0	FALSE
143471	PSMA8	1	-2.08168103436132e-15	FALSE
10915	TCERG1	1	0	FALSE
51566	ARMCX3	1	7.9777951172313e-15	FALSE
8574	AKR7A2	1	1.85822939141772e-32	FALSE
53916	RAB4B	1	0	FALSE
5798	PTPRN	1	0	FALSE
26953	RANBP6	1	0	FALSE
79577	CDC73	1	0	FALSE
135112	NCOA7	1	0	FALSE
54828	BCAS3	1	-0.400259357904107	FALSE
5236	PGM1	1	2.64372639097575e-13	FALSE
118430	MUCL1	1	0.190617850012585	FALSE
3339	HSPG2	1	0	FALSE
51234	EMC4	1	0	FALSE
8241	RBM10	1	0	FALSE
3034	HAL	1	0	FALSE
3890	KRT84	1	0	FALSE
51719	CAB39	1	0	FALSE
1982	EIF4G2	1	0	FALSE
9221	NOLC1	1	0	FALSE
9135	RABEP1	1	0	FALSE
112802	KRT71	1	0.167390713262036	FALSE
10390	CEPT1	1	0	FALSE
4200	ME2	1	0	FALSE
65991	FUNDC2	1	0	FALSE
79887	PLBD1	1	0	FALSE
79784	MYH14	1	-3.99956176650803e-18	FALSE
2801	GOLGA2	1	0	FALSE
282974	STK32C	1	0	FALSE
22980	TCF25	1	0	FALSE
124454	EARS2	1	0	FALSE
60484	HAPLN2	1	4.96533042851329e-17	FALSE
57614	RELCH	1	0	FALSE
64854	USP46	1	-2.25021240308207e-08	FALSE
1123	CHN1	1	0	FALSE
4733	DRG1	1	0.0281052073048794	FALSE
2130	EWSR1	1	0	FALSE
64225	ATL2	1	0	FALSE
79763	ISOC2	1	0	FALSE
203547	VMA21	1	0	FALSE
5445	PON2	1	0.0235134954688438	FALSE
4139	MARK1	1	0	FALSE
55193	PBRM1	1	0	FALSE
1729	DIAPH1	1	-6.34371203357945e-20	FALSE
4282	MIF	1	0.127464347104719	FALSE
79735	TBC1D17	1	0	FALSE
22895	RPH3A	1	0	FALSE
5096	PCCB	1	0	FALSE
51645	PPIL1	1	0	FALSE
5687	PSMA6	1	0	FALSE
27332	ZNF638	1	0	FALSE
9651	PLCH2	1	0	FALSE
80347	COASY	1	0	FALSE
5273	SERPINB10	1	0	FALSE
80201	HKDC1	1	0	FALSE
6261	RYR1	1	0	FALSE
93426	SYCE1	1	0	FALSE
6900	CNTN2	1	0	FALSE
23418	CRB1	1	0	FALSE
342574	KRT27	1	0	FALSE
6432	SRSF7	1	0	FALSE
9910	RABGAP1L	1	0	FALSE
9181	ARHGEF2	1	0	FALSE
9789	SPCS2	1	0	FALSE
55197	RPRD1A	1	0	FALSE
3909	LAMA3	1	0	FALSE
10652	YKT6	1	0	FALSE
81567	TXNDC5	1	-4.58830260550345e-17	FALSE
23416	KCNH3	1	0	FALSE
2572	GAD2	1	-0.0581759627976129	FALSE
1501	CTNND2	1	0	FALSE
9086	EIF1AY	1	0	FALSE
54664	TMEM106B	1	0	FALSE
139322	APOOL	1	0	FALSE
1429	CRYZ	1	0	FALSE
5576	PRKAR2A	1	0	FALSE
483	ATP1B3	1	0	FALSE
3267	AGFG1	1	0	FALSE
114876	OSBPL1A	1	0	FALSE
23307	FKBP15	1	0	FALSE
23190	UBXN4	1	0	FALSE
10273	STUB1	1	0	FALSE
126003	TRAPPC5	1	-0.0364737529812769	FALSE
10328	EMC8	1	-0.207969545057958	FALSE
664	BNIP3	1	0	FALSE
54344	DPM3	1	-0.0890094240501962	FALSE
23305	ACSL6	1	0	FALSE
55973	BCAP29	1	0	FALSE
6229	RPS24	1	0	FALSE
6282	S100A11	1	0	FALSE
53407	STX18	1	0	FALSE
9559	VPS26A	1	0	FALSE
81617	CAB39L	1	0	FALSE
7425	VGF	1	0	FALSE
27344	PCSK1N	1	7.08628781113222e-19	FALSE
9686	VGLL4	1	0	FALSE
65982	ZSCAN18	1	-5.34865411954369e-13	FALSE
23564	DDAH2	1	0	FALSE
8799	PEX11B	1	0	FALSE
5346	PLIN1	1	0	FALSE
6144	RPL21	1	0	FALSE
6455	SH3GL1	1	0	FALSE
10133	OPTN	1	0	FALSE
51143	DYNC1LI1	1	0	FALSE
402	ARL2	1	5.26162126733994e-19	FALSE
8522	GAS7	1	0	FALSE
1174	AP1S1	1	0	FALSE
114793	FMNL2	1	3.52387464627162e-17	FALSE
65263	PYCR3	1	0	FALSE
10992	SF3B2	1	0	FALSE
9341	VAMP3	1	0	FALSE
6499	SKIC2	1	0.0025827862366803	FALSE
57469	PNMA8B	1	0	FALSE
1609	DGKQ	1	0	FALSE
3628	INPP1	1	0	FALSE
7094	TLN1	1	0	FALSE
4353	MPO	1	-0.236955108624436	FALSE
55770	EXOC2	1	0	FALSE
57186	RALGAPA2	1	0	FALSE
2926	GRSF1	1	-0.0724968840473419	FALSE
50865	HEBP1	1	0	FALSE
23597	ACOT9	1	0.235845208083075	FALSE
955	ENTPD6	1	0	FALSE
81873	ARPC5L	1	0	FALSE
4927	NUP88	1	0	FALSE
81532	MOB2	1	0	FALSE
94056	SYAP1	1	0	FALSE
9146	HGS	1	5.84624381502106e-19	FALSE
25840	TMT1A	1	0	FALSE
57718	PPP4R4	1	0	FALSE
23408	SIRT5	1	0	FALSE
125228	FAM210A	1	-0.241908595982424	FALSE
5660	PSAP	1	0	FALSE
192111	PGAM5	1	0	FALSE
9997	SCO2	1	0	FALSE
1739	DLG1	1	0.126713289667544	FALSE
6811	STX5	1	0	FALSE
9049	AIP	1	0	FALSE
57535	ELAPOR1	1	0	FALSE
51200	CPA4	1	0	FALSE
1459	CSNK2A2	1	9.57214944928654e-16	FALSE
5682	PSMA1	1	0.0467680590205546	FALSE
53616	ADAM22	1	0.133526728564483	FALSE
353	APRT	1	0	FALSE
5865	RAB3B	1	0	FALSE
23255	MTCL1	1	0	FALSE
53371	NUP54	1	6.66269402072793e-17	FALSE
23451	SF3B1	1	0	FALSE
23385	NCSTN	1	0	FALSE
8497	PPFIA4	1	0	FALSE
3996	LLGL1	1	0	FALSE
51715	RAB23	1	0	FALSE
9463	PICK1	1	0	FALSE
9202	ZMYM4	1	0	FALSE
5693	PSMB5	1	0.19302022589824	FALSE
23410	SIRT3	1	0	FALSE
5244	ABCB4	1	-3.42030190419196e-19	FALSE
27067	STAU2	1	0	FALSE
64168	NECAB1	1	-0.255247766452099	FALSE
55177	RMDN3	1	6.37481103760089e-22	FALSE
6232	RPS27	1	0	FALSE
1471	CST3	1	0	FALSE
79568	MAIP1	1	0	FALSE
6747	SSR3	1	0	FALSE
54507	ADAMTSL4	1	0	FALSE
9973	CCS	1	0	FALSE
4915	NTRK2	1	0	FALSE
342346	C16ORF96	1	0	FALSE
10399	RACK1	1	0.0348278671747032	FALSE
84299	MIEN1	1	0	FALSE
1104	RCC1	1	0	FALSE
960	CD44	1	0	FALSE
9066	SYT7	1	0	FALSE
114794	ELFN2	1	0	FALSE
57348	TTYH1	1	-9.85155322435837e-18	FALSE
10209	EIF1	1	0	FALSE
1265	CNN2	1	0	FALSE
2619	GAS1	1	0	FALSE
81611	ANP32E	1	0	FALSE
5713	PSMD7	1	-0.0154239251035601	FALSE
64744	SMAP2	1	0	FALSE
5625	PRODH	1	1.90380256734114e-15	FALSE
10463	SLC30A9	1	-5.73115879729388e-16	FALSE
389541	LAMTOR4	1	0	FALSE
6727	SRP14	1	0	FALSE
56889	TM9SF3	1	0	FALSE
9318	COPS2	1	0	FALSE
56922	MCCC1	1	5.73632474835116e-17	FALSE
10987	COPS5	1	0	FALSE
23550	PSD4	1	0	FALSE
1642	DDB1	1	-0.278569515641597	FALSE
1968	EIF2S3	1	-2.22760071539819e-15	FALSE
6780	STAU1	1	0	FALSE
6717	SRI	1	0	FALSE
5931	RBBP7	1	0	FALSE
8218	CLTCL1	1	0	FALSE
9481	SLC25A27	1	0	FALSE
64756	ATPAF1	1	0.227780470563655	FALSE
51035	UBXN1	1	0	FALSE
84376	HOOK3	1	-3.27593146178792e-18	FALSE
11235	PDCD10	1	0	FALSE
7273	TTN	1	-1.354874558782e-14	FALSE
9689	BZW1	1	-0.00399754451839768	FALSE
51559	NT5DC3	1	0	FALSE
4430	MYO1B	1	0	FALSE
6843	VAMP1	1	0	FALSE
9751	SNPH	1	0	FALSE
444	ASPH	1	-0.0382168844627287	FALSE
6434	TRA2B	1	0	FALSE
25930	PTPN23	1	0	FALSE
22913	RALY	1	0	FALSE
6541	SLC7A1	1	0	FALSE
5265	SERPINA1	1	-1.18317896186107e-17	FALSE
334	APLP2	1	0	FALSE
9367	RAB9A	1	0	FALSE
84932	RAB2B	1	-1.34775033901245e-16	FALSE
8301	PICALM	1	0	FALSE
25874	MPC2	1	0	FALSE
51160	VPS28	1	2.05936362307485e-18	FALSE
29933	GPR132	1	0	FALSE
4638	MYLK	1	0	FALSE
2983	GUCY1B1	1	0	FALSE
79643	CHMP6	1	0	FALSE
34	ACADM	1	0	FALSE
9693	RAPGEF2	1	0	FALSE
10427	SEC24B	1	0	FALSE
201595	STT3B	1	0	FALSE
7190	HSP90B2P	1	0	FALSE
20	ABCA2	1	-1.93553932542051e-17	FALSE
5789	PTPRD	1	0	FALSE
4345	CD200	1	0	FALSE
6547	SLC8A3	1	0	FALSE
6204	RPS10	1	-0.0808274377450461	FALSE
8970	H2BC11	1	0	FALSE
9333	TGM5	1	0	FALSE
100885850	PTGES3L-AARSD1	1	0	FALSE
11198	SUPT16H	1	0	FALSE
11252	PACSIN2	1	-1.95314297032609e-18	FALSE
4643	MYO1E	1	0.141638688544709	FALSE
6897	TARS1	1	0	FALSE
8536	CAMK1	1	0	FALSE
6117	RPA1	1	0	FALSE
128	ADH5	1	0	FALSE
56945	MRPS22	1	0	FALSE
9040	UBE2M	1	6.0741441512493e-15	FALSE
27122	DKK3	1	0	FALSE
4012	LNPEP	1	0	FALSE
375035	SFT2D2	1	0	FALSE
3920	LAMP2	1	-2.35909099410148e-19	FALSE
5906	RAP1A	1	0	FALSE
80155	NAA15	1	0	FALSE
51608	GET4	1	-0.0812093593293891	FALSE
11080	DNAJB4	1	0	FALSE
84532	ACSS1	1	0	FALSE
3706	ITPKA	1	0.0732741906746187	FALSE
22930	RAB3GAP1	1	0	FALSE
54749	EPDR1	1	0	FALSE
50853	VILL	1	0	FALSE
23095	KIF1B	1	0	FALSE
85476	GFM1	1	0	FALSE
54931	TRMT10C	1	0	FALSE
64780	MICAL1	1	0.272133214473304	FALSE
6249	CLIP1	1	2.96819142955776e-18	FALSE
3501	IGHG2	1	0.161105538389009	FALSE
349667	RTN4RL2	1	-0.207636085424693	FALSE
23327	NEDD4L	1	0	FALSE
28962	OSTM1	1	0	FALSE
51308	REEP2	1	0	FALSE
2752	GLUL	1	0	FALSE
24148	PRPF6	1	0	FALSE
7108	TM7SF2	1	0	FALSE
58478	ENOPH1	1	0	FALSE
6500	SKP1	1	0	FALSE
57130	ATP13A1	1	0	FALSE
27043	PELP1	1	-0.138959241970479	FALSE
23268	DNMBP	1	0	FALSE
57221	ARFGEF3	1	4.79520752125699e-16	FALSE
10905	MAN1A2	1	0	FALSE
5875	RABGGTA	1	0	FALSE
199731	CADM4	1	0.0605158580036546	FALSE
95681	CEP41	1	0	FALSE
84447	SYVN1	1	0	FALSE
80349	SKIC8	1	0.151805251973198	FALSE
6801	STRN	1	0	FALSE
8499	PPFIA2	1	2.83133016197633e-15	FALSE
9919	SEC16A	1	0	FALSE
3434	IFIT1	1	0	FALSE
8662	EIF3B	1	0	FALSE
5728	PTEN	1	7.34291124692084e-15	FALSE
1993	ELAVL2	1	-1.28475174456921e-16	FALSE
23173	METAP1	1	0	FALSE
5170	PDPK1	1	0	FALSE
6634	SNRPD3	1	0	FALSE
1212	CLTB	1	0	FALSE
2617	GARS1	1	0	FALSE
9053	MAP7	1	0	FALSE
36	ACADSB	1	1.9275481093638e-16	FALSE
5683	PSMA2	1	0.143066564943586	FALSE
9039	UBA3	1	0	FALSE
10858	CYP46A1	1	0	FALSE
8263	F8A1	1	0	FALSE
11260	XPOT	1	0	FALSE
28921	IGKV2-28	1	0	FALSE
64746	ACBD3	1	1.3057934404651e-17	FALSE
27032	ATP2C1	1	-0.0179014450473735	FALSE
319101	KRT73	1	0	FALSE
55777	MBD5	1	0	FALSE
5142	PDE4B	1	0	FALSE
320	APBA1	1	0	FALSE
8570	KHSRP	1	0	FALSE
6861	SYT5	1	0	FALSE
51635	DHRS7	1	0	FALSE
6142	RPL18A	1	-0.01375342547388	FALSE
8525	DGKZ	1	0	FALSE
79718	TBL1XR1	1	0	FALSE
55327	LIN7C	1	-0.0932881477973041	FALSE
5195	PEX14	1	0	FALSE
10493	VAT1	1	-2.0060181985784e-19	FALSE
26047	CNTNAP2	1	4.70374962777198e-21	FALSE
79982	DNAJB14	1	0	FALSE
5686	PSMA5	1	0	FALSE
50814	NSDHL	1	0	FALSE
23265	EXOC7	1	0	FALSE
1211	CLTA	1	0	FALSE
6327	SCN2B	1	1.79947408845161e-16	FALSE
10908	PNPLA6	1	0	FALSE
10226	PLIN3	1	0.0307310243289751	FALSE
8411	EEA1	1	-4.07067826749532e-07	FALSE
7204	TRIO	1	0	FALSE
1837	DTNA	1	0	FALSE
1620	BRINP1	1	1.8948445628102e-15	FALSE
5818	NECTIN1	1	1.05659633763137e-13	FALSE
2040	STOM	1	0.181425810302173	FALSE
140890	SREK1	1	0	FALSE
100271374	RPS27AP5	1	0	FALSE
8848	TSC22D1	1	0	FALSE
55631	LRRC40	1	0	FALSE
6161	RPL32	1	0	FALSE
50809	HP1BP3	1	0	FALSE
1012	CDH13	1	0	FALSE
10120	ACTR1B	1	0	FALSE
10946	SF3A3	1	0	FALSE
7266	DNAJC7	1	5.71870853137626e-16	FALSE
9915	ARNT2	1	2.27607194399224e-18	FALSE
83988	NCALD	1	0	FALSE
8813	DPM1	1	0	FALSE
738	VPS51	1	-3.21006459880478e-17	FALSE
57460	PPM1H	1	0	FALSE
54708	MARCHF5	1	0	FALSE
28992	MACROD1	1	0	FALSE
8883	NAE1	1	0	FALSE
154807	VKORC1L1	1	0	FALSE
100423062	IGLL5	1	0	FALSE
399909	PCNX3	1	0	FALSE
10152	ABI2	1	0	FALSE
9329	GTF3C4	1	0	FALSE
4099	MAG	1	0	FALSE
219771	CCNY	1	0	FALSE
51084	CRYL1	1	0	FALSE
10672	GNA13	1	-7.83197635622029e-16	FALSE
777	CACNA1E	1	0	FALSE
3107	HLA-C	1	-1.93778591193939e-17	FALSE
10724	OGA	1	0	FALSE
1268	CNR1	1	2.16839151901494e-16	FALSE
6845	VAMP7	1	0.119107784744682	FALSE
23352	UBR4	1	0	FALSE
643136	ZC3H11B	1	0	FALSE
146330	FBXL16	1	0.0958593515748951	FALSE
8453	CUL2	1	0	FALSE
7168	TPM1	1	0.195611298196395	FALSE
3310	HSPA6	1	0	FALSE
9632	SEC24C	1	-3.27852995713255e-19	FALSE
83733	SLC25A18	1	0	FALSE
5527	PPP2R5C	1	-0.0450940549636337	FALSE
223	ALDH9A1	1	1.75385054611785e-13	FALSE
22919	MAPRE1	1	0.277767611145377	FALSE
115207	KCTD12	1	0	FALSE
9939	RBM8A	1	0	FALSE
643853	TMPPE	1	0	FALSE
6710	SPTB	1	-0.132770185374141	FALSE
51031	GLOD4	1	0.0376372480830713	FALSE
192286	HIGD2A	1	0	FALSE
91137	SLC25A46	1	0	FALSE
2936	GSR	1	0	FALSE
22859	ADGRL1	1	0	FALSE
79896	THNSL1	1	0	FALSE
23111	SPART	1	0	FALSE
81887	LAS1L	1	0	FALSE
6262	RYR2	1	0	FALSE
10640	EXOC5	1	-7.94182863333963e-23	FALSE
100532726	NDUFC2-KCTD14	1	0	FALSE
29086	BABAM1	1	0	FALSE
116442	RAB39B	1	4.019854340646e-15	FALSE
10360	NPM3	1	0	FALSE
1009	CDH11	1	0	FALSE
53918	PELO	1	0	FALSE
10961	ERP29	1	1.07479703342245e-16	FALSE
4580	MTX1	1	0	FALSE
84918	LRP11	1	0	FALSE
85465	SELENOI	1	0	FALSE
6059	ABCE1	1	-0.351210857883183	FALSE
10342	TFG	1	0	FALSE
8526	DGKE	1	0	FALSE
7155	TOP2B	1	0	FALSE
201266	SLC39A11	1	0	FALSE
7798	LUZP1	1	0	FALSE
200081	TXLNA	1	-2.58544305497712e-17	FALSE
283871	PGP	1	0	FALSE
200407	CREG2	1	-0.175550966423495	FALSE
5644	PRSS1	1	0.199273888781578	FALSE
9380	GRHPR	1	0	FALSE
9379	NRXN2	1	0	FALSE
7414	VCL	1	0	FALSE
8997	KALRN	1	-2.63213746941075e-20	FALSE
27347	STK39	1	0	FALSE
670	BPHL	1	0	FALSE
57486	NLN	1	0	FALSE
26135	SERBP1	1	-0.64750045963318	FALSE
28976	ACAD9	1	0	FALSE
51429	SNX9	1	0	FALSE
